"AT","V","AP","RH","y"
8.34,40.77,1010.84,90.01,480.48
19.07,49.69,1007.22,76.79,453.09
22.1,71.29,1008.2,75.38,442.35
8.14,37.49,1009.04,80.33,480.66
33.8,64.96,1004.88,49.37,427.28
13.42,41.23,994.17,95.79,468.82
31.96,71.29,1008.39,47.51,433.04
15.83,52.75,1024.3,58.34,458.6
16.01,65.46,1014,87.68,454.16
25.28,67.69,1009.05,68.54,445.34
18.3,44.06,1017.95,63.24,456.32
15.99,39.63,1006.09,89.92,464.95
8.42,42.28,1008.4,87.78,481.91
23.73,61.02,1009.71,78.7,442.22
15.92,41.2,1016.04,73.37,468.91
26.87,74.99,1002.48,71.91,437.78
17.74,50.88,1015.56,89.78,457.71
25.82,66.49,1013.2,60.32,434.35
11.77,41.06,1021.45,76.63,475.88
29.63,66.75,1018.08,58.46,433.26
31.66,73.91,1004.49,68.13,431.26
23.4,72.99,1009.48,88.82,438.51
27.41,69.98,1008.51,65.49,431.64
26.58,59.39,1014.49,65.87,439.46
21.24,41.67,1012.6,49.27,459.81
24.98,58.05,1011.69,69.97,447.15
26.63,64.44,1012.66,61.19,442
14.97,58.2,1019.52,81.13,458.68
28.92,61.02,1011.19,56.13,436.76
22.92,61.9,1013.27,78.32,446.08
10.28,41.46,1018.44,85.23,479.66
25.34,71.06,1007.74,92.52,434.86
20.09,63.94,1020.82,74.16,449.47
22.7,60.84,1019.15,71.48,438.59
21.48,47.43,1006.88,63.54,449.2
20.52,43.79,1015.9,68.1,463.93
13.58,49.83,1008.9,86.8,465.82
25.93,69.34,1008.91,79.43,434.08
23.77,61.87,1009.8,54.83,445.72
21.96,51.43,1007.28,89.96,442.87
9.82,39.64,1010.79,69.22,477.93
8.61,41.04,1024.81,95.6,473.62
9.99,43.52,1022.95,99.67,473.64
16.76,43.67,1011.27,70.55,462.44
29.46,49.3,1003.88,54.1,436.37
14.2,43.02,1012.18,57.07,470.67
14.05,40.35,1011.52,66.21,475.54
19.13,40.79,1004.47,91.7,457.83
17.28,44.06,1018.15,66.93,462.05
28.66,50.05,1006.08,47.74,435.94
12.91,41.16,1011.9,89.19,472.71
17.32,43.7,1015.13,61.66,464.5
26.69,70.36,1006.82,68.29,435.04
30.54,70.17,999.42,64.32,434.62
32.17,73.21,1001.43,69.86,430.64
12.36,48.04,1012.8,93.59,468.37
27.32,73.42,1012.07,86.3,432.74
23.81,73.17,1012.13,86.13,438.11
22.97,62.4,1010.25,75.18,445.3
27.71,69.51,1009.65,58.38,435.04
10.46,37.5,1013.12,76.74,472.16
31.37,76.86,997.34,62.94,431.03
15.6,43.71,1024.88,80.37,463.34
25.3,71.58,1010.18,87.36,433.97
6.07,41.14,1027.57,86.98,480.19
31.32,74.33,1012.92,36.48,429.57
27.92,69.23,1013.21,44.43,435.62
24.44,69.84,1005.34,80.37,430.3
22.24,60.07,1015.93,62.25,446.14
23.07,70.47,1008.64,83.37,439.04
15.01,39.52,1017.53,72,468.02
9.38,40.46,1019.29,75.77,474.1
27.49,71.94,1008.25,68.29,428.27
20.83,44.78,1008.51,35.9,460.6
17.37,41.23,998.79,68.44,461.08
7.64,42.28,1008.46,84.29,484.78
27.13,69.45,1013.9,51.16,434.47
24.1,71.29,1007.96,67.56,442.8
17.36,39.53,1008.28,68.87,456.57
12.8,44.9,1007.58,66.6,466.95
19.91,51.19,1008,90.23,449.23
14.56,40.69,1015.48,73.73,469.31
23.65,66.05,1019.6,78.21,442.9
33.71,69.98,1013.09,42.62,431.99
29.28,77.17,1009.4,76.3,433.14
30.47,68.24,1009.55,64.98,427.94
29.13,47.93,1002.5,49.1,435.61
10.56,39.13,1010.19,87.12,463.14
5.54,45.87,1008.69,95.91,478.02
25.35,74.33,1015.29,77.84,435.66
7.99,41.38,1021.95,78.77,487.57
10.05,37.14,1012.64,75.97,474.16
20.07,49.21,1012.34,56.8,454.25
27.76,71.97,1008.53,86.97,434.04
5.35,35.57,1027.12,80.81,488.65
11.57,41.38,1021.71,61.49,473.94
23.65,59.92,1010.19,89.53,436.74
23.99,68.12,1012.92,70.68,437.14
23.69,71.97,1009.62,93.03,438.62
22.61,49.3,1003.51,83.02,441.76
11.91,44.45,1021.39,84.49,466.52
18.31,62.1,1020.38,79.02,455.24
26.57,44.57,1007.76,50.39,445.49
34.33,69.05,1000.89,37.9,430.56
13.04,45.09,1013,87.68,467.44
12.75,42.34,1018.17,94.67,465.44
21.32,49.02,1008.81,85.81,445.65
24.26,67.69,1008.48,66.74,437.4
21.39,52.3,1009.2,79.77,446.87
14.54,46.18,1015.29,94.48,463.03
28.01,65.34,1014.68,46.86,440.77
26.39,71.25,999.8,89.12,430.34
21.89,58.05,1011.31,85.71,441.76
12.97,49.83,1008.69,91.49,452.07
9.25,41.26,1020.51,91.21,473.87
14.48,44.06,1018.73,75.88,467.46
15.21,43.56,1012.92,56.61,467
22.3,44.57,1008.48,67.58,449.74
21.91,70.32,1009.17,90.57,439.29
21.47,60.93,1006.46,87.83,442.75
10.16,39.3,1019.71,81.21,480.74
11.56,40.43,1025.48,74.75,489.54
17.08,38.58,1015.41,73.42,461.49
21.3,48.92,1010.92,65.09,447.89
8.51,40.81,1015.54,83.16,481.02
24.71,61.9,1013.78,85.82,443.39
24.32,65.48,1017.55,59.02,443.31
27.09,59.15,1013.02,55.18,438.9
23.49,47.45,1008.46,66.18,446.72
24.59,71.94,1006.89,88.52,430.28
10.48,37.5,1009.81,95.26,474.57
32.09,79.74,1006.92,61.5,432.85
28.15,74.9,1003.67,76.32,433.63
19.66,42.18,1001.51,95.75,454.46
30.21,69.4,1003.69,62.89,438.18
24.12,62.44,1013.83,88.02,443.3
28.76,66.56,1006.07,62.41,432.3
20.36,66.05,1015.86,87.19,450.23
15.42,40.56,1021.23,59.37,469.33
25.24,57.17,1010.44,74,442.77
23.37,70.94,1008.01,81.28,441.56
14.35,39.39,1012.92,82.41,470.53
26.53,65.18,1012.77,64.37,437.39
22.96,68.61,1011.15,76.62,447.18
9.68,41.48,1018.24,71.04,473.31
16.73,54.3,1017.96,59.44,460.54
7.8,39.04,1018.46,66.5,482.31
23.29,65.61,1014.81,70.27,447.67
21.47,58.79,1017,76.97,446.33
16.34,36.99,1006.99,90.06,466.24
12.41,41.44,1015.46,76.9,472.06
7.51,41.66,1015.9,78.31,485.58
8.34,40.72,1023.62,83.75,483.14
32.07,67.83,1007.91,41.61,429.31
13.48,46.18,1018.15,88.38,464.58
22.71,75.23,1010.48,76.86,444
12.81,44.58,1016.49,80.76,475.5
13.26,40.83,1007.97,90.63,472.14
10.16,41.55,1005.69,58.04,477.27
17.48,44.2,1018.89,61.51,457.15
26.38,71.73,1010.04,69.45,431.66
25.3,70.98,1007.22,95.1,440.86
8.26,39.42,1025.89,70.53,474.72
11.01,40.22,1011.13,83.09,476.69
30.13,78.05,1010.99,61.5,434.14
13.25,41.62,1010.8,77.81,457.64
11.23,39.72,1018.46,60.62,475.04
20.96,61.27,1019.99,67.32,448.77
33.15,70.4,1003.72,53.98,430.15
21.41,62.39,1007.84,88.83,452.8
31.35,70.8,1010.11,66.37,432.19
25.21,51.43,1006.43,78.55,439.01
25.04,51.95,1005.56,66.53,449.45
29.68,64.33,1011.2,57.73,441.79
13.46,44.71,1014.51,50,474.6
18.77,49.39,1021.06,82.95,454.53
13.56,39.18,1023.4,63.82,470.38
26.5,66.05,1017.03,61.34,440.15
29.23,68.14,1004.31,81.46,428.87
27.65,48.41,1008.54,58.25,440.94
20.64,49.21,1014.86,58.47,454.2
33.6,77.17,1009.01,47.53,430.32
21.11,58.49,1011.6,80.44,449.16
15.87,39.31,1009.95,66.78,460.59
10.28,39.61,1020.43,69.09,478.34
21.5,44.58,1016.87,57.58,460.2
21.31,42.8,1014.1,75.77,459.84
4.15,39.9,1007.62,95.69,489.8
13.93,44.47,1025.35,81.54,469.25
30.99,69.82,1009.41,50.84,437.46
28.37,75.6,1017.48,55.19,439.25
10.11,39.35,1015.19,90.74,479.83
22.82,64.63,1020.78,66.73,449.34
14.69,54.3,1018.01,73.4,462.63
27.35,77.95,1012.14,74.14,431.72
6.28,43.02,1013.72,88.13,487.17
16.78,58.95,1017.74,96.24,450.02
32.09,70.4,1003.73,55.65,434.64
25.18,71.98,1006.71,89.86,432.88
18.55,52.84,1004.45,86.82,450.23
13.93,39.64,1011.8,82.64,470.84
13.16,43.41,1016.43,79.47,465.6
28.12,73.42,1011.49,80.16,435.46
27.21,67.45,1013.83,43.26,436.47
26.97,64.45,1009.43,53.96,443.75
25.8,44.57,1008,52.56,450.48
24.97,68.61,1011.08,58.94,447.83
8.28,40.56,1023.29,79.44,486.4
9.61,44.03,1008.3,91.36,473.54
16.94,50.59,1018.75,94.22,460.64
26.84,71.94,1006.6,79.12,427.2
30.19,64.79,1017.22,42.47,438.41
18.6,68.28,1003.27,84.21,446.98
18.23,60.95,1016.74,78.85,455.53
23.19,67.07,1005.67,65.19,442.45
9.77,34.69,1027.72,74.98,477.51
30.82,70.36,1006.47,58.79,439.16
24.03,66.54,1012.19,69.15,438.08
13.23,42.34,1018.02,97.49,462.21
25.79,67.17,1007.89,81.38,440.75
16.52,42.24,1017.51,67.65,469.13
27.96,73.42,1011.11,71.93,435.93
25.59,72.43,1007.88,82.98,432.49
22.61,59.87,1019.12,66.12,441.2
23.03,65.12,1016.29,69.8,447.84
20.36,60.1,1011.21,84.79,454.25
25.36,60.07,1015.06,66.11,439.73
29.79,62.66,1008.5,48.51,440.27
15.03,35.71,1015.26,56.55,467.61
32.96,69.75,1008.86,40.23,435.56
20.23,52.05,1012.15,47.49,457.57
25.48,65.12,1016.12,53.66,447.85
21.38,49.21,1012.49,53.77,449.66
18.67,47.83,1005.12,82.97,454.47
27.23,63.9,1014.3,47.19,443.61
13.9,44,1025.1,87.17,466.24
26.91,70.02,1010.75,59.48,445.31
26.55,60.23,1009.88,79.54,438.95
28.41,74.16,1010.29,72.09,439.2
33.4,69.98,1013.29,47.78,432.44
24.58,49.02,1008.85,79.32,442.47
25.95,65.61,1014.36,52.54,443.88
27.44,65.59,1010.76,68.67,441.08
17.48,46.21,1014.02,80.78,455.35
13.87,49.83,1006.76,89.14,462.46
21.44,60.32,1015.2,81.1,448.84
26.73,68.84,1010.75,66.83,440.45
20.28,63.86,1016.04,74.66,447.26
11.2,35.76,1019.24,64.59,473.33
9.78,43.8,1022.25,69.64,477.22
32.39,74.16,1008.53,61.09,431.17
13.19,39.18,1023.67,66.78,469.62
24.78,57.19,1008.08,65.4,443.62
13.55,42.99,1007.58,97.55,470.82
10.81,45,1023.45,85.89,482.63
14.02,44.47,1028.02,68.97,465.93
22.57,63.94,1013.49,81.61,443.58
25.61,47.43,1008.62,54.51,442.96
10.2,41.46,1020.23,84.54,481.46
9.26,39.61,1021.18,84.58,480.38
14.74,43.71,1024.35,81.53,465.49
26.74,69.89,1013.96,51.82,436.02
12.17,41.58,1013.89,88.98,463.03
16.15,41.85,1016.54,81.58,466.56
31.41,74.16,1011.1,57.05,434.88
10.35,40.27,1005.09,92.42,477.8
13.72,54.3,1017.89,79.08,467.05
10.96,37.5,1013.46,79.54,471.05
19.36,39.54,1008.97,58.92,458.75
31.23,75.08,1004.93,46.19,439.14
26.53,69.71,1009.88,76.26,446.17
16.72,53.82,1015.46,66.9,458.25
22.99,56.57,1013.93,78.77,445.44
30.15,69.88,1007.2,73.67,434.75
13.18,40.83,1007.67,95.44,472.36
23.1,60.08,1017.69,65.44,451.01
30.92,80.18,1010.11,72.47,432.35
17.69,44.34,1019.31,61.12,464.13
32.21,71.85,1008.25,58.09,429.15
18.31,46.21,1010.46,82.15,451.75
27.14,64.27,1012.71,54.4,441.68
22.72,69.84,1005.96,83.9,436.7
10.63,42.28,1008.37,92.68,474.97
9.74,41.01,1019.12,98.39,465.8
18.36,62.1,1019.9,79.09,453.5
29.13,70.72,1009.61,67.49,436.9
19.08,41.1,1001.96,62.77,458.94
25.69,73.18,1012.64,86.35,432.82
28.45,69.23,1013.07,39.46,436.96
11.3,25.36,1008.66,96.18,471.19
16.21,41.23,995.88,80,463.09
14.55,41.7,1018.58,80.8,454.14
12.2,39.72,1018.07,54.83,471.33
16.73,43.79,1016.25,73.58,468.87
17.99,50.16,1009.98,100.09,451.38
15.31,40.66,1016.46,84.64,458.26
24.54,48.06,1013.02,55.18,443.67
27.71,66.93,1016.85,58.77,447.06
6.98,40.35,1011.92,94.72,484.19
23.21,74.22,1009.68,88.46,440.46
25.95,59.92,1010.05,76.05,443.93
32.45,66.44,1011.21,50.18,429.99
19.09,65.94,1012.53,81.06,446.34
24.04,60.77,1017.62,75.23,442.25
25.1,74.87,1010.01,79.41,439.93
14.4,42.18,1015.47,77.7,464.81
5.25,42.85,1013.75,89.67,477.78
19.97,50.78,1008.75,92.7,446.57
22.23,46.93,1013.09,58.02,448.27
8.67,36.66,1026.8,84.36,480.38
5.56,45.87,1006.99,96.48,476.61
31.45,68.27,1007.56,64.79,430.81
23.25,72.99,1009.17,89.85,438.51
25.44,65.06,1013.82,55.72,440.09
26.05,65.27,1013.69,56.46,440.75
25.69,62.26,1011.38,74.08,436.36
33.26,68.51,1012.49,52.68,429.38
11.91,40.69,1014.41,83.71,476.71
28.24,65.74,1013.4,64.87,438.47
11.7,41.16,1019.58,87.49,464.12
15.93,52.75,1024.57,58.71,457.92
18.41,42.04,1011.69,64.88,465.64
31.15,67.45,1014.85,42.11,431.97
26.21,56.85,1011.45,41.37,439.55
16.57,63.31,1016.19,81.02,454.78
29.12,66.51,1015.69,37.9,432.88
14.45,43.34,1015.47,83.33,462.16
11.58,41.74,1020.41,74.09,478.06
19.7,52.84,1004.86,89.72,444.64
11.22,41.66,1008.96,72.38,477.53
21.83,63.87,1018.93,63.07,452.21
22.64,70.98,1005.71,95.65,441.99
8.94,36.71,1025.5,80.45,477.62
7.64,38.18,1017.65,78.51,484.45
27.62,68.27,1008.04,63.04,427.67
17.68,45.17,1017.5,77.57,461.96
23.56,49.16,1002.54,69.07,443.02
7.31,42.18,1014.75,86.75,477.38
21.7,64.44,1014.95,73.33,448.51
4.86,39.4,1012.73,91.39,488.63
18.24,59.15,1012,84.4,449.48
22.18,62.91,1012.14,68.86,449.77
19.6,48.14,1013.18,68.71,456.57
19.13,42.18,1001.45,98.77,456.04
6.08,35.79,1011.08,90.59,483.08
11.1,40.92,1021.98,94.14,462.07
16.74,41.16,1006.87,74.24,463
29.29,70.36,1006.64,60.82,431.26
15.28,43.71,1024.32,81.24,463.44
14.16,40.89,1010.78,82.86,471.15
19.72,47.03,1012.1,90.36,458.59
25.24,67.45,1013.56,50.91,438.99
29.23,77.3,1002.71,65.24,438.05
10.51,37.5,1010.7,96.29,474.24
15.27,38.73,1002.83,77.77,465.99
25.96,60.95,1014.52,50.03,444.19
15.75,39.99,1007.02,77.44,464.95
23.69,77.54,1009.32,89.7,440.21
11.92,40.55,1016.91,100.07,472.45
6.1,40.07,1020.21,67.24,494.43
12.64,41.26,1020.79,83.66,465.78
12.78,41.04,1025.16,85.14,461.61
31.19,70.94,1007.29,51.91,436.6
29.62,70.02,1010.09,43.1,439.35
16.29,50.88,1013.79,99.15,456.28
27.47,70.72,1009.97,74.62,443.25
24.47,57.85,1013.05,66.34,445.37
4.49,40.27,1012.01,76.5,494.24
25.45,63.76,1009.96,67.78,439.56
11.06,41.5,1013.09,89.8,476.24
25.76,71.06,1007.93,90.4,433.75
17.85,48.14,1017.16,86.68,451.9
31.38,72.29,1008.73,73.27,430.58
17.79,45.01,1015.71,67.13,454.4
23.57,63.91,1011.65,80.74,441.93
9.98,41.01,1017.83,98.07,466.05
12.86,40.6,1013.6,84.85,472.04
24.72,77.54,1008.39,81.03,438.52
25.2,63.76,1009.78,64.96,438.15
30.58,65.18,1011.61,37.43,437.17
10.11,41.62,1017.17,97.82,463.57
12.25,44.85,1014.13,85.25,470.92
21.04,65.46,1017.22,63.02,452.12
17.01,49.15,1021.83,84.02,458.78
11.08,38.16,1014.45,74.99,473.32
11.68,40.55,1017.31,99.82,473.51
27.71,54.2,1012.72,47.25,440.74
20.15,65.59,1014.62,79.39,449.84
29.05,75.6,1017.63,51.16,439.14
11.15,41.26,1022.67,81.83,473.57
15.34,43.5,1021.18,79.44,459.77
11.92,40.62,1015.91,55.4,464.9
29.42,71.32,1002.26,67.13,437.47
23.75,66.54,1004.41,85.44,436.57
7.67,42.85,1012.02,93.35,478.94
9.7,37.14,1012.79,75.2,475.77
16.16,25.88,1009.58,72.24,461.86
18.81,52.08,1005.77,98.86,450.72
30.51,59.57,1011.08,61.94,436.92
8.73,41.92,1029.41,89.72,480.99
15.14,41.93,1020.95,61.26,469.68
28.69,73.18,1012.23,68.57,431.36
10.09,41.62,1015.21,96.56,463.86
13.56,49.83,1007.01,89.86,466.33
7.17,39.4,1011.48,90.38,484.33
14.16,44.06,1018.92,76.34,464.91
21.11,41.67,1012.44,52.86,460.33
11.28,40.55,1006.23,97.78,475.14
25.64,70.72,1010.16,84,441.68
20.51,45.38,1014.29,69.14,461.87
27.28,51.43,1011.46,51.38,450.53
25.77,71.37,1008.88,78.96,433.45
20.36,57.5,1014.36,82.96,452.28
26.89,56.85,1012.27,43.84,436.44
28.29,61.86,1011.87,64.17,438.25
25.18,57.5,1015.07,60.76,449.01
8.63,39.96,1024.39,99.47,475.79
14.5,39,1017.04,75.75,465.32
17.51,39.54,1010.22,71.53,462.12
13.57,42.99,1007.51,88.95,472.04
7.55,38.08,1019.37,76.32,485.49
15.51,36.71,1014.05,72.92,465.85
7.73,37.8,1020.71,63.93,483.94
25.02,69.75,1010.04,91.86,437.87
6.14,40.62,1015.71,86.51,481.66
26.18,69.14,1006.54,85.95,436
21.35,58.16,1017.21,67.66,452.83
24.17,48.78,1018.08,75.14,440.96
15.29,41.35,1006.32,82.56,466.27
11.33,41.16,1019.05,87.13,468.87
22.5,59.54,1007.99,93.63,445.22
22.02,64.45,1012.57,47.87,454.9
20.08,49.69,1008.34,69.88,453.54
10.94,40.81,1026.03,80.79,476.32
23.93,68.28,1005.16,69.91,444.95
15.69,37.87,1021.18,84.38,465.41
29.56,74.22,1007.45,57.46,432.84
30.01,73.18,1012.23,60.9,429.84
10.86,37.5,1013.36,75.56,473.75
32.26,71.29,1008.41,48.58,431.96
29.08,67.07,1005.73,57.18,435.57
24.92,60.95,1014.88,60.58,445.44
26.62,71.73,1009.32,80.1,431.93
29.18,71.43,1011.65,59.49,443.75
19.97,59.14,1016.05,70.58,450.06
19.68,62.96,1020.41,82.26,453.58
27.89,73.21,1001.32,85.88,431.59
6.52,35.57,1025.37,78.32,486.06
22.07,60.08,1017.68,71.23,452.56
14.5,41.76,1023.94,84.42,464.23
29.45,68.27,1007.96,61.63,432.96
26.98,70.94,1007.99,68.16,434.73
18.28,60.1,1009.72,85.79,452.93
19.24,58.33,1013.65,85.47,449.26
18.92,46.93,1009.89,77.98,453.66
9.81,44.45,1021.19,90.55,471.32
11.62,41.54,1019.94,66.43,477.75
21.81,65.46,1013.97,52.16,444.66
8.16,39.3,1019.39,85.38,483.17
7.79,41.01,1024,97.2,477
18.59,44.63,1003.99,86.22,459.65
20.46,51.43,1007.31,93.25,444.88
16.89,49.21,1015.19,70.39,458.25
14.95,39.31,1009.15,75.3,462.72
29.19,65.71,1013.85,50.5,444.49
24.35,58.49,1011.03,70.64,445.6
22.64,59.27,1012.58,83.55,446.2
11.42,40.43,1025.5,75.85,490.02
10.86,44.85,1014.15,88.36,476.87
15.3,41.76,1022.57,71.56,466.59
7.24,41.17,1020.35,80.56,486.76
10.12,43.72,1011.33,97.62,473.05
29.96,67.83,1008,44.05,433.13
28.62,79.74,1008.12,65.39,436.12
20.89,70.32,1011.22,89.68,442.5
11.82,41.17,1019.5,55.74,475.61
3,39.64,1011,80.14,485.2
29.7,67.17,1007.31,66.56,438.04
27.2,78.05,1010.15,90.2,430.55
22.75,70.94,1008.03,81.95,439.91
22.43,63.94,1012.76,93.24,444.53
28.99,54.2,1012.79,41.9,442.6
22.98,69.84,1005.55,84.1,437.49
10.81,44.63,1020.61,88.29,473.86
20.52,57.76,1017.03,81.19,453.64
20.01,68.63,1012.34,69.49,454.5
20.69,50.78,1008.71,91.95,447.58
20.87,57.19,1006.5,77,445.95
16.77,42.28,1007.53,73.19,465.52
27.2,65.18,1011.47,47.14,436.99
10.39,40.22,1004.95,91.65,476.49
13.67,41.48,1017.51,63.54,463.97
7.09,43.13,1017.91,92.37,485.04
5.79,45.87,1010.23,95.41,480.97
8.42,40.64,1022.35,96.38,476.29
24.78,68.63,1013.96,43.7,448.43
23.58,70.04,1010.95,76.32,435.47
4.95,42.07,1004.87,80.88,485.67
29.29,72.58,1007.39,72.85,428.73
25.26,74.33,1014.79,79.56,433.49
6.1,39.33,1010.4,95.34,491.37
10.41,36.71,1022.02,84.56,474.2
14.31,40.78,1024.3,76.41,463.54
29.15,69.48,1008.68,55.78,430.54
24.27,70.47,1008.96,78.31,434.24
13.35,41.16,1011.32,89.12,474.57
12.59,39.72,1017.76,61.14,470.18
22.56,70.98,1005.66,95.95,440.81
30.72,71.58,1009.98,50.39,430.46
30.18,61.5,1009.8,36.81,436.92
23.6,57.17,1009.84,74.27,446.05
11.49,41.54,1020.17,70.91,476.74
13.46,41.4,1019.46,71.73,467.4
27.34,70.98,1008.82,71.42,438.73
9.27,36.3,1026.93,72.13,479.66
11.48,36.18,1017.03,61.62,469.44
13.03,41.26,1022.17,79.79,466.02
28.15,71.94,1006.73,68.21,427.69
21.94,57.5,1014.64,78.52,451.1
17.02,44.85,1014.38,62.66,459.98
33.18,72.29,1009.51,58.35,435.26
30.36,69.82,1010.02,54.22,439.05
23.62,61.87,1010.07,48.77,447.93
26.36,73.68,1013.99,86.44,430.39
24.26,69.51,1013.43,53.23,442.56
26.85,71.73,1010.06,65.24,429.97
26.05,44.89,1009.83,56.36,443.18
23.08,64.44,1014.85,69.95,448.61
9.86,42.49,1009.16,81.41,477.78
11.44,41.39,1019.59,79.95,478.52
16.46,48.6,1006.08,89,449.58
7.5,38.06,1021.96,83.45,485.98
24.27,74.93,1012.73,73.81,443.06
21.89,58.62,1016.15,74.59,450.05
24.07,73.46,1006.61,73.46,438.41
9.45,41.92,1029.32,91.09,467.79
18.36,51.43,1010.57,90.17,459.8
18.18,61.87,1008.64,66.28,453.1
6.03,40.78,1025.53,98.68,480.36
18.21,39.54,1009.81,70.92,461.73
18.19,44.06,1017.24,78.73,456.13
29.25,69.13,1010.27,67.35,426.29
22.05,59.92,1009.06,93.74,437.9
11.89,40.64,1021.29,97.16,476.99
24.04,51.95,1006.13,73.92,450.07
13.52,41.44,1015.81,65.97,472.11
16.14,44.21,1020.36,80.59,461.03
14.93,39.39,1014.31,80.68,468.88
29.93,71.85,1008.43,66.64,426.82
16.51,51.86,1022.37,81.18,442.48
30.2,71.8,1011.13,60.66,436.94
22.4,70.94,1008.06,84.52,440.04
5.07,40.07,1019.32,66.17,494.87
26.74,59.87,1012.5,62.88,447.88
17.44,45.01,1013.65,75.13,456.08
12.83,44.88,1017.86,87.88,474.26
9.86,37.83,1005.05,100.15,472.46
7.18,38.56,1016.49,70.37,487.63
25.24,68.28,1000.26,78.17,435.9
28.01,44.89,1008.98,48.52,444.76
26.87,69.23,1012.71,54.54,433.89
11.72,41.54,1020.04,66.84,476.12
12.45,40.1,1015.4,82.61,473.63
12.26,43.48,1016.41,72.95,467.83
13.96,40.83,1009.89,84.86,469.86
27.71,75.23,1010.21,59.75,440.7
18.21,41.85,1014.67,56.86,468.4
31.46,71.29,1008.57,41.79,430.8
26.99,62.26,1011.13,71.27,436.89
15.55,42.03,1017.41,74.58,460.84
11.87,41.78,1012.97,64.79,470.84
10.53,40.64,1020.62,98.43,477.99
10.62,39.96,1025.37,96.64,470.8
14.72,38.91,1015.17,61.75,468.87
30.39,71.8,1010.87,64.11,435.82
16.48,68.28,1004.27,99.89,449.7
19.32,52.84,1004.29,83.51,450.88
3.6,35.19,1018.73,99.1,488.98
13.47,43.34,1012.75,87.04,468.8
11.87,44.6,1018.81,84.68,468.47
27.6,69.05,1003.87,42.01,436.08
23.63,58.98,1010.99,81.16,444.43
21.97,58.95,1017.78,76.95,443.61
11.75,35.76,1018.99,57.92,473.01
22.05,61.27,1019.6,58.83,447.95
16.72,44.34,1019.26,63.77,465.89
5.79,39.61,1021.64,85.41,489.6
23.48,66.49,1014.41,62.61,450.05
28.33,78.92,1011.15,70.04,432.67
22.53,62.39,1007.84,86.4,450.08
16.82,49.15,1020.68,72.07,462.22
22.95,63.94,1013.91,81.52,438.33
23.71,67.17,1007.27,90.2,440.65
23.56,73.67,1007.13,87.1,439.27
10.57,36.71,1022.11,82.39,472.62
9.3,43.14,1010.99,88.12,477.02
24.44,72.99,1008.38,91.66,435.47
20.26,51.19,1008.9,93.47,448.1
14.64,53.82,1016.33,60.59,463.18
17.38,43.14,1011.09,61.9,459.02
15.45,61.27,1019.87,79.21,456.59
18.21,41.23,993.11,62.29,457.53
3.38,39.64,1011,81.22,488.92
27.01,43.21,1011.71,77.84,434.09
16.69,44.78,1010.41,58.18,456.17
23.22,63.07,1012.91,77.59,446.62
17.27,40.55,1000.89,70.66,461.31
21.96,69.94,1011.09,80.27,441.15
10.4,42.44,1014.24,93.48,480.04
30.71,68.27,1007.76,68.04,428.27
16.59,39.54,1007.97,70.58,464.19
15.55,39.63,1004.98,89.82,466.83
27.98,71.98,1005.58,81,428.44
26.85,75.6,1017.43,74.55,433.48
11.77,40,1021.08,85.08,475.49
24.43,58.05,1011.88,71.39,445.68
21.53,59.8,1016.46,74.72,454.99
14.66,47.83,1006.15,91.98,461.46
13.24,54.3,1017.05,81.99,467.81
27.14,75.23,1011.47,63.14,439.33
10.84,40.27,1005.24,87.27,479.22
23.72,70.47,1010.65,75.39,438.5
8.58,38.38,1021.03,84.37,482.26
25.86,76.2,1005.73,69.35,438.75
16.72,44.78,1007.75,56.79,453.39
24.66,69.94,1006.56,60.91,432.68
28.57,65.27,1013.27,51.11,440.51
12.68,41.4,1021.59,78.57,466.64
6.65,39.33,1011.29,92.85,490.41
30.08,73.42,1011.17,63.86,434.95
31.13,64.05,1011.51,61.27,439.24
20.65,57.5,1016.04,87.45,448.22
21.48,61.27,1019.29,61.43,450.88
22.76,49.02,1007.5,88.56,442.84
26.29,68.24,1010.71,76.95,429.71
23.73,63.94,1010.7,87.1,441.78
29.25,78.87,1012.05,84.28,430.49
18.96,44.58,1016.66,71.95,461.96
10.34,37.5,1010.35,95.56,474.08
11.92,41.2,1016.99,81.24,476
7.2,40.35,1011.83,95.59,484.9
28.11,77.95,1009.38,72.81,432.98
23.81,46.93,1013.19,54.82,449.58
14.24,44.84,1023.6,94.06,466.67
6.67,39.33,1011.07,91.96,490.03
12.54,43.69,1017.26,83.59,470.04
25.34,64.27,1013.38,66.02,443.94
12.08,40.24,1016.63,92.32,474.07
9.28,41.38,1021.96,72.22,486.18
11.87,41.58,1017.29,90.3,464.77
13.08,41.74,1020.75,64.44,474.81
8.82,34.69,1026.81,82.54,481.44
13.11,42.99,1007.6,97,472.84
10.74,41.46,1016.76,84.59,479.94
10.42,43.79,1016.22,90.75,474.79
17.19,43.14,1014.34,68.62,464.72
9.15,39.61,1018.11,75.29,474.88
18.91,45.01,1012.9,59.81,456.12
22.89,62.39,1007.84,88.16,448.13
30.33,70.36,1006.72,70.31,438.47
13.02,40.1,1014.43,87.32,474.97
32.57,65.74,1011.03,46.27,440.56
21.69,57.17,1011.75,82.63,446.61
25.88,61.47,1007.93,68.71,445.65
31.54,72.58,1007.61,65.57,427.31
14.58,42.99,1007.55,93.56,468.43
21.69,44.57,1005.84,71.53,447.88
17.86,45,1023.25,53.48,465.78
17.47,43.56,1014.15,54.71,460.87
13.61,42.34,1017.93,91.61,463.89
11.26,44.92,1023.63,88.99,474.69
25.1,71.77,1004.34,82.8,429.7
31.39,69.59,1008.28,62.86,435.76
19.21,58.49,1011.7,91.29,452.82
22.7,59.92,1011.05,90.84,436.7
28.4,59.27,1012.03,59.75,441.64
23.81,57.5,1015.53,70.66,448.72
24.6,63.94,1012.87,80.28,439.63
30.57,69.71,1008.94,59.99,439.38
11.56,40.71,1015.85,76.08,469.17
18.36,53.16,1013.14,79.89,457.94
14.2,42.86,1031.96,69.59,468.63
18.11,52.08,1002.51,100.09,449.99
22.45,41.54,1012.69,70.89,460.07
26.82,69.23,1013.28,50.86,436.36
14.02,42.86,1030.86,68.36,467.29
30.53,73.21,1000.37,74.17,430.2
3.99,39.64,1011.53,83.58,492.06
24.2,60.95,1014.82,59.42,448.43
25.31,61.5,1009.31,63.31,437.03
24.05,64.69,1006.63,69.2,438.36
12.66,41.2,1015.88,89.12,466.49
9.61,39.04,1023.45,75.66,483.86
26.1,44.57,1007.47,55.15,446.49
12.08,40.75,1015.84,86.9,476.84
14.85,43.13,1016.02,55.29,470.37
24.43,58.95,1017.18,57.73,441.4
26.94,66.48,1005.46,60.62,440.12
16.33,42.44,1013.98,84.9,462.44
15.91,38.62,1016.2,63.63,462.25
10.15,41.17,1019.38,82.3,480.71
11.82,42.86,1014.12,88.28,476.7
8.66,36.25,1028.22,86.96,479.66
22.01,60.84,1017.55,83.82,441.9
20.61,44.63,1008.54,77.54,456.68
15.74,43.34,1013.38,81.45,463.24
14.29,37.85,1009.98,92.81,468.63
17.7,49.21,1015.16,67.91,455.97
28.59,80.18,1011.36,89.18,431.55
14.02,43.34,1016.06,85.8,466.38
12.81,45.51,1015.46,79.97,469.27
6.25,40.07,1020.19,65.24,494.39
9.41,43.5,1021,88.74,473.84
12.38,41.62,1012.37,84.15,461.07
14.57,42.18,1015.13,74.89,465.75
9.87,41.82,1033.04,68.57,475.58
29.23,74.22,1008.49,57.88,428.9
10.24,41.17,1019.73,82.04,479.78
33.3,68.14,1003.02,53.43,426.88
25.97,69.34,1009.43,88.11,435.02
15.33,42.28,1008.19,66.15,465.2
10.33,40,1021.35,90.84,479.32
8.31,40.46,1020.07,78.18,476.72
18.67,44.06,1017.13,77.18,454.51
24.91,58.69,1008.22,82.81,435.96
26.11,70.36,1007.64,70.12,445.37
28.18,60.07,1016.34,49.13,441.61
6.67,39.37,1020.31,73.56,488.13
13.27,52.75,1025.86,65.12,464.82
10.37,37.83,1006.5,90.99,470.66
13.61,38.47,1015.1,54.98,466.51
13.61,41.74,1021.66,62.83,471.79
26.1,74.16,1009.42,85.4,437.18
26.09,60.23,1010.74,60.88,445.88
5.74,40.62,1016.31,84.91,481.15
12.32,41.26,1022.42,79.74,470.27
27.97,58.84,1002.25,57.88,446.11
28.35,71.14,1010.65,60.38,429.21
29.84,74.87,1009.64,61.39,435.05
13.38,40.12,1013.92,96.96,468.15
28.54,69.59,1008.84,78.62,433.3
28.62,59.14,1016.36,53.1,436.09
32.09,72.86,1003.47,54.59,434.78
30.34,75.08,1005.32,52.97,437.26
23.55,62.96,1020.16,70.16,447.65
25.68,58.41,1013.71,70.61,440.78
22.56,60.29,1018.19,67.53,447.15
12.2,44.77,1018.64,76.1,469.41
9.82,36.18,1019.18,65.8,475.21
29.21,72.25,1012.72,71.85,434.64
15.19,42.03,1017.38,71.66,462.64
27.49,71.94,1006.62,73.35,435.29
9.38,43.7,1015.45,90.47,481.52
10.42,41.46,1021.04,89.16,479.24
11.43,44.78,1013.43,82.45,471.09
29.6,69.82,1010.49,61.66,438.47
19.78,54.42,1011.74,89.34,456.84
12.65,44.03,1007.13,85.23,466.01
18.56,42.18,1001.46,99.59,456.61
7.55,39.22,1014.53,77.76,482.19
7.84,40.07,1016.68,47.63,488.7
24.44,52.84,1006.39,49.05,440.2
13.97,38.47,1015.15,55.28,464.3
6.57,43.65,1018.24,74.47,481.46
18.94,46.93,1010.22,75.45,441.41
4.87,42.85,1012.69,94.72,482.05
9.06,39.3,1019.73,84.23,480.41
20.97,47.43,1007.64,71.18,448.22
14.44,41.2,1015.96,81.97,469.85
9.68,41.44,1015.19,87.34,479.89
5.85,41.55,1001.95,99.41,484.47
18.22,44.34,1019.35,56.78,469.27
22.55,47.45,1008.65,67.9,447.42
20.92,70.02,1010.23,95.58,444.64
15.07,43.48,1015.22,57.74,459.96
22.96,45.01,1012.21,50.81,450.37
24.92,63.94,1017.7,44.92,441.07
26.43,66.48,1004.36,55.9,435.59
26.41,68.24,1010.6,77.79,428.52
18.92,44.63,1020.32,47.81,451.64
9.86,41.01,1018.49,98.71,467.37
25.51,64.27,1013.28,61.85,444.76
19.4,64.63,1020.38,81.1,453.84
7.82,41.16,1023.3,87.7,475.66
11.57,41.54,1020.13,69.14,476.89
13.49,44.63,1019.12,70.02,471.08
6.45,35.77,1018.86,67.84,483.12
20.31,49.69,1011.57,69.03,455.37
26.3,59.07,1007.84,78.32,441.94
27.98,74.78,1009.46,63.11,436.82
19.54,54.9,1017.15,70.37,455.86
27.23,71.77,1006.59,77.94,427.39
16.55,41.66,1011.45,55.53,465.14
21.49,56.9,1007.47,66.66,452.46
29.07,72.51,1009.24,58.38,439.8
14.49,44.84,1024.09,86.55,465.72
8.96,40.02,1031.21,82.32,475.47
5.97,36.25,1029.65,86.74,487.03
14.84,44.63,1019.28,57.37,466
15.55,40.66,1016.21,88.5,457.53
21.77,42.23,1013.03,67.44,462.51
19.82,41.67,1012.92,51.92,456.87
18.32,47.83,1005.06,87.21,454.11
26.13,71.64,1004.16,87.18,439.73
23.63,73.18,1012.29,88.81,437.7
24.33,46.93,1013.61,53.02,450.04
8.47,42.02,1005.37,92.73,477.67
24.19,58.95,1017.78,58.78,441.91
32.31,68.94,1006.11,71.78,431.14
12.02,41.92,1030.1,84.45,465.82
22.66,69.84,1006.16,82.79,439.06
17.54,58.49,1012.35,91.56,453.02
28.83,72.43,1006.69,67.04,428.85
17.79,44.9,1020.5,69.72,457.72
18.81,61.87,1009.71,70.47,448.49
7.46,41.26,1009.63,96.51,482.83
22.89,65.34,1015.53,61,450.53
23.97,64.33,1010.54,84.65,443.87
27.6,69.34,1009.63,71.58,440.6
23.09,70.02,1010.58,77.85,443.27
30.26,71.77,1006.24,58.98,429.27
20.67,57.5,1014.42,81.89,453.29
21.84,60.29,1017.23,66.89,454.4
10.67,42.02,996.55,99.94,472.65
22.19,70.02,1011.03,82.49,444.85
29.27,64.69,1006.85,55.79,438.23
22.47,47.45,1007.62,76.65,447.14
31.95,70.8,1008.38,66.26,432.79
29.74,70.32,1008.1,52.72,432.69
25.35,66.56,1008.75,66.88,436.51
10.46,41.26,1020.65,92.24,473.76
23.85,69.45,1013.99,60.6,439.67
23.98,50.32,1008.41,67.75,443.45
33.72,74.33,1011.4,37.51,428.96
14.43,38.91,1013.28,70.26,468.83
10.57,36.71,1022.62,80.49,473.88
13.52,40.83,1008.31,84.14,471.95
14.43,44.47,1028.57,70.7,466.56
28.02,68.08,1013.44,44.46,434.95
29.27,69.89,1015.21,67.16,425.55
31.85,73.91,1003.6,60.22,431.26
11.82,41.26,1020.74,91.14,466.95
22.64,63.73,1013.88,84.22,447.21
26.1,63.56,1013.12,61,442.75
24.88,73.17,1012.26,84.96,434.85
26.4,48.41,1008.51,66.95,442.23
25.69,57.32,1012.34,44.18,441.43
5.23,35.57,1026.23,79.38,488.5
9.03,40.71,1025.98,81.94,484.97
31.73,74.67,1016.38,44.51,425.34
25.63,71.58,1010.14,87.57,433.76
22.7,61.41,1012.08,78.08,449.75
23.47,60.77,1017.19,75.36,444.46
23.02,63.47,1012.21,80.61,443.66
17.75,42.24,1016.86,61.52,468.86
6.62,42.49,1008.74,94.57,482.74
10.07,39.66,1015.37,83.78,479.64
12.28,42.34,1019.19,95.8,467.03
25,69.71,1009.23,80.92,438.38
15.37,41.96,1011.58,96.76,466.02
24.66,66.49,1010.83,70.06,438.01
25.43,60.95,1014.62,51.39,444.65
19.5,65.12,1015.53,73.87,453.99
17.98,39.63,1005.42,82.12,466.69
24.05,72.24,1011.32,88.94,437.81
15.9,41.35,1005.35,92.89,464.93
31.65,66.25,1008.57,59.05,437.35
14.96,39.31,1010.52,71.28,461.97
13.69,41.74,1021.19,60.86,471.84
12.42,38.25,1012.76,82.23,472.3
21.54,58.41,1013.99,86.34,450.69
12.23,43.69,1016.46,84.4,471.62
31.61,75.08,1004.83,42.29,436.67
19.04,50.12,1010.53,100.09,446.59
19.06,44.63,1004.23,84.43,456.54
12.05,40.55,1016.63,100.14,472.19
23.03,44.89,1010.26,59.85,447.81
18.05,56.03,1020.69,77.87,459.09
14.2,38.62,1017.83,77.57,465.29
16.73,37.2,1012.94,74.04,463.89
13.72,41.62,1011.14,75.79,455.52
26.15,64.27,1013.03,59.77,439.11
24.29,63.57,1010.29,87.3,443.28
29.39,71.14,1010.97,53.88,430.5
18.4,40.79,1006.18,92.36,461.29
28.65,70.32,1008.46,58.13,433.45
28.92,72.43,1007.03,66.14,431.5
18.51,48.06,1015.14,79.83,455.44
17.92,50.66,1012.62,93,456.84
28.88,66.56,1006.26,59.15,426.66
20.95,48.14,1013.3,67.72,452.38
27,59.15,1013.12,61.39,440.58
19.41,67.32,1012.34,78.8,446.71
20.84,59.8,1016.96,75.05,451.13
12.51,43.67,1013.24,91.55,471.96
30.63,74.22,1007.47,46.52,430.38
25.32,60.37,1006.19,73.94,438.5
23.19,48.6,1002.38,61.19,445.52
28.16,70.4,1003.77,83.17,434.01
10.32,41.46,1017.98,87.66,479.61
18.74,45.09,1014.24,41.54,456.25
23.26,63.56,1013.64,71.3,446.67
21.65,58.18,1008.33,95.28,441.05
32,58.9,1003.48,51.38,437.81
23.75,67.9,1006.25,70.17,445.22
25.85,70.36,1005.59,78.23,433.06
22.48,50.05,1005.55,82.36,442.56
16.32,43.5,1021.3,72.6,460.07
26.35,59.44,1012.16,63.73,443.73
27.05,77.95,1009.57,76.56,434.09
23.44,72.24,1011.28,88.03,438.34
13.75,41.49,1019.9,88.23,469.02
21.28,44.05,1005.69,83.2,444.56
24.92,63.86,1019.19,59.24,440.93
25.77,65.48,1018.07,51.47,440.96
23.05,68.67,1006.69,76.43,447.34
22.88,65.48,1017.33,66.26,447.14
21.62,58.59,1012.93,67.05,445.92
19.59,66.54,1012.73,85.84,447.16
20.03,66.86,1013.05,64.59,450.93
28.04,74.33,1013.53,48.65,432.92
28.25,66.54,1011.02,43.77,439.67
9.82,41.04,1026.72,77.28,473.98
18.88,65.94,1010.43,85.54,445.61
11.53,41.39,1018.39,85.52,474.49
14.69,53.82,1016.54,63.49,463.52
27.33,68.94,1007.04,61.83,431.96
17.86,50.88,1015.59,88.28,457.33
31.59,58.9,1003.39,47.6,440.52
23.03,54.42,1014.42,74.98,453.77
32.38,77.24,1007.7,61.15,430.96
22.69,64.45,1012.82,45.03,450.65
15.46,42.07,1017.9,81.12,459.15
16.82,41.66,1010.49,63.14,465.64
9.44,39.82,1013.26,91.55,483.18
29.62,71.8,1011.05,63.13,438.55
26.13,73.21,1002.12,92.02,435.34
22.9,49.3,1003.45,80.95,441.77
31.26,76.09,1006.66,63.91,430.36
14.6,39.31,1011.11,72.52,464.16
18.43,57.76,1016.13,87.34,452.65
19.84,56.89,1013.23,78.32,447.92
30.29,74.16,1008.77,75.23,431.39
14.55,44.84,1023.83,87.6,465.14
16.58,38.01,1023.5,60.14,464.03
26.44,59.15,1013.35,60.71,439.65
10.15,41.46,1019.56,81.79,479.32
20.46,66.05,1014.93,78.51,454.06
23.47,51.3,1011.89,74.1,448.65
19.7,51.3,1014.88,88.1,454.94
20.98,42.23,1012.9,70.7,462.27
30.36,71.8,1010.9,63.27,437.4
8.35,43.52,1022.78,97.34,479.31
26.64,73.56,1004.98,93.31,432.93
13.09,43.67,1012.22,91.91,474.45
30.03,70.02,1010.07,64.2,436.88
26.85,69.84,1002.84,81.31,426.58
12.36,37.73,1021.36,65.45,470.39
25.79,63.9,1014.39,60.49,442.7
20.56,43.79,1015.85,45.7,462.11
15.86,49.69,1015.59,87.26,462.84
31.01,74.16,1010.89,56.52,434.64
11.86,40.55,1019.82,91.45,473.31
16.65,46.18,1010.6,95.69,465.6
18.71,53.16,1013.26,82.64,455.7
26.08,52.3,1007.03,63.34,442.44
27.63,70.17,1000.42,85.22,432.46
11.8,45.09,1013.21,89.68,470.57
20.7,58.16,1016.73,68.19,453.22
28.21,73.06,1008.26,86.29,430.46
14.95,42.74,1027.66,66.71,464.31
29.54,74.99,1005,69.69,432.94
25.26,65.61,1014.43,58.35,447.34
12.33,37.73,1022.46,59.3,470.11
20.45,48.41,1010.81,86.7,444.69
25.18,69.23,1013.26,57.45,438.72
27.66,69.75,1009.71,84.27,439.18
21.99,58.96,1014.09,61.3,453.38
10.17,41.17,1018.58,87.72,478.04
22.75,58.79,1011.44,84.47,445.67
26.33,61.41,1011.9,52.1,452.79
22.2,51.19,1009.2,82.95,445.54
18.97,43.43,1012.72,75.69,453.2
13.45,41.49,1020.19,88.72,467.3
18.39,67.71,1003.77,92.48,444.63
31.67,69.68,1012.38,46.52,439.72
26.48,69.14,1009.31,84.11,435.76
14.41,46.18,1016.25,88.88,462.49
15.56,40.12,1013.72,89.78,461.21
11.36,40.75,1016.34,85.19,477.5
31.11,75.33,1002.32,64.25,433.37
10.76,44.58,1016.41,79.24,483.54
20.25,57.76,1016.28,77.76,452.66
13.58,39.28,1016.17,79.17,472.17
15.12,43.79,1016.37,75.62,470.11
28.75,77.24,1008.92,77.17,433.03
23.19,60.75,1008.33,82,439.43
23.55,65.94,1011.76,58.44,443.98
31.76,66.54,1003.02,49.64,430.18
26.01,61.47,1009.54,75.01,435.78
29.76,57.19,1008.59,51.1,436.21
18.43,44.63,1019.76,39.99,458.75
31.46,66.54,1002.86,53.75,427.76
17.01,50.59,1015.8,80.95,463.4
28.54,58.33,1013.9,49.4,439.28
22.56,48.92,1010.7,51.63,445.07
18.6,43.56,1013.9,51.16,464.67
10.9,41.46,1016.66,86.2,479.45
13.55,40.1,1014.57,81.48,469.57
30.65,65.18,1012.51,42.32,436.79
30.04,68.08,1011.04,51.01,429.52
13.45,45.87,1008.73,87.06,464.88
20.95,70.72,1009.96,87.73,445.66
29.22,60.23,1009.73,61.5,436.32
28.3,59.27,1010.92,61.83,445.19
31.87,68.67,1005.64,48.85,435.66
11.68,40.55,1006.48,96.16,474.8
20.34,59.8,1015.18,80.21,453.54
19.09,44.63,1019.91,39.32,461.36
14.87,41.23,997.39,82.06,465.01
20.99,67.07,1005.17,82.41,442.02
4.99,41.03,1022.33,83.11,493.16
11.62,43.48,1016.66,76.32,468.37
15.81,54.3,1017.8,68.45,461.63
24.26,56.57,1013.86,70.35,442.9
27.55,65.59,1011.6,63.99,440.53
22.5,58.79,1017.48,73.02,443.35
29.47,65.51,1014.71,58.28,444.8
27.21,68.12,1012.96,54.69,435.2
15.33,52.05,1014.15,80.56,452.82
23.46,57.85,1012.7,65.54,444.66
14.77,44.9,1020.5,84.31,465.23
27.05,67.79,1010.99,71.37,443.89
19.69,56.65,1020.86,73.41,455.32
7.61,44.71,1019.41,70.48,485.36
15.97,45.01,1016.58,83.24,456.91
7.98,43.52,1022.45,97.68,481.93
9.59,38.56,1017.52,61.89,481.05
21.84,64.69,1007.57,77.34,450.25
28.84,74.67,1016.52,67.43,428.98
19.41,64.45,1009.44,64.05,452.55
16.38,45.64,1020.47,89.28,462.58
27.01,52.3,1007.78,60.38,439.51
25.98,60.95,1014.5,48.01,442.9
28.71,51.43,1006.4,64.79,440.17
11.48,41.14,1027.67,90.5,464.07
24.16,48.98,1015.19,42.55,459.27
11.29,41.5,1013.39,89.15,476.04
10.16,41.79,1021.35,52.4,472.75
22.91,66.44,1011.23,63.43,444.48
23.82,64.15,1020.96,60.11,447.37
18.56,67.71,1004.77,85.28,444.9
7.49,39.81,1019.03,87.29,483.59
25.34,49.5,1013.25,50.8,457.12
15.33,36.71,1013.99,73.89,468.36
16.18,41.66,1010.01,65.62,465.82
12.04,40.78,1025.21,85.97,463.51
17.34,45.01,1013.22,77.71,459.01
19.72,46.21,1010.54,77.74,449.33
28.8,74.9,1003.48,75.01,434.01
23.86,73.5,1011.34,87.32,438.62
13.51,40.89,1011.03,84.83,471.99
23.06,63.9,1013.54,65.28,447.36
14.65,44.84,1023.39,87.76,467.18
22.63,45.61,1014.14,73.06,457.88
27.08,66.05,1017.91,59.1,441.16
16.97,42.86,1013.92,74.8,463.62
18.6,60.1,1009.91,87.13,453.94
18.4,44.92,1024.88,64.89,458.36
14.58,42.07,1017.9,86.14,460.66
22.78,58.96,1013.65,57.06,452.03
29.09,75.33,1001.61,71.06,433.29
6.9,44.71,1019.7,71.21,486.3
17.83,66.86,1011.65,77.31,456.56
10.22,39.16,1015.71,96.2,478.45
25.96,60.32,1016.17,55.51,443.44
13.78,43.22,1011.31,69.7,463.71
18.85,41.1,1001.95,61.75,462.4
26.98,74.78,1009.77,69.54,442.28
28.62,69.98,1013.3,68.53,432.11
8.64,38.56,1016.51,66.03,484.45
23.2,48.41,1008.64,80.92,444.69
17.89,44.6,1014.48,42.51,463.99
8.99,41.26,1020.52,91.96,476.09
26.43,75.33,1004.09,86.48,431.79
12.21,40.64,1020.31,83.84,464.03
7.95,37.49,1009.32,80.8,479.78
24.48,69.45,1013.86,62.39,435.74
10.29,41.74,1019.9,80.51,480.62
29.86,59.57,1011.24,64.02,439.44
22.04,69.51,1013.25,56.15,446.34
23.66,67.17,1007.24,87.56,443.43
16.97,44.92,1025.21,74.27,460.21
13.88,48.79,1017.28,79.4,464.14
30.31,74.16,1010.69,58.81,436.23
11.61,40.81,1025.68,72.08,473.08
30.24,73.9,1006.74,56.39,441.31
23.04,74.22,1009.52,90.93,440.32
11.26,40.43,1025.68,74.67,489.66
21.63,50.16,1005.7,84.84,448.32
23.65,71.98,1006.09,93.39,434.11
26.52,65.06,1013.4,51.78,439.66
32.51,69.98,1013.29,54.07,429.66
28.16,70.72,1009.81,65.32,441.37
14.65,35.4,1016.16,60.26,469.61
14.44,39,1017.06,76.02,466.96
25.35,71.98,1006.83,88.44,435.72
23.14,58.95,1017.52,66.25,442.27
25.71,52.84,1006.32,53.29,445.54
11.82,41.67,1012.94,84.51,476.73
26.16,67.9,1005.81,61.02,444.06
24.54,72.24,1011.43,74.1,435.08
28.16,70.98,1008.51,72.12,435.04
27.06,61.41,1011.99,45.23,452.85
14.33,43.41,1015.43,55.4,462.94
26.88,74.78,1010.42,64.81,440.84
23.88,69.94,1007.48,61,440.63
12.65,44.34,1014.74,92.81,473.46
14.81,42.77,1017.83,75.09,463.06
6.84,39.4,1011.9,93.75,484.09
20.35,56.53,1020.23,70.05,456.04
6.43,39.61,1017.51,83.8,480.58
28.37,68.12,1012.41,45.87,436.42
25.66,70.02,1010.89,68.14,442.2
29.34,74.34,998.58,81.55,430.57
31.18,74.34,1003.81,63.59,434.15
13.75,40.66,1016.41,93.31,461.81
16.6,53.16,1014.5,76.75,457.26
13.21,43.71,1024.5,86.59,466.39
24.93,47.01,1015.12,64.8,455.39
5.37,38.68,1017.76,76.48,487.07
31.25,68.94,1005.99,49.61,434.51
25.58,61.08,1013.37,71.27,446.32
31.74,67.32,1013.69,36.59,436.17
22.15,43.77,1010.81,60.08,448.46
18.91,59.21,1017.76,90.49,450.24
13.9,42.86,1030.82,71.89,473.76
7.28,38.56,1018.96,67.98,485.57
6.34,40.64,1020.62,94.39,478.78
24.49,65.59,1011.52,85.12,441.8
30.3,71.98,1004.4,55.6,426.52
18.13,39.72,1002.75,58.85,455.81
26.31,66.48,1005.93,63.9,432.89
24.62,58.66,1011.43,56.61,449.8
24.15,63.13,1013.8,92.1,440.15
21.61,58.62,1017.61,76.07,449.11
10.84,40.62,1015.53,60.9,467.6
24.49,65.46,1015.77,44.95,445.27
32.16,71.32,1005.5,60.23,434.01
28.82,71.43,1011.51,58.58,443.68
6.24,35.77,1019.24,70.7,483.36
18.22,49.25,1020.33,61.87,454.66
9.75,43.69,1016.81,82.42,481.34
18.68,52.84,1004.65,88.27,450.19
12.97,40.75,1016.05,79.67,476.28
26.9,69.59,1008.9,85.08,434.1
15.65,43.5,1021.39,78.58,463.5
14.67,42.28,1007.21,65.17,469.02
31.92,75.33,1002.13,65.73,431.32
7.91,41.79,1021.86,54.92,479.02
16.44,53.16,1014.82,75.29,458.49
9.26,44.68,1023.22,91.44,478.82
17.7,49.78,1005.19,100.09,451.24
20.3,44.9,1008.25,64.08,457.6
28.45,52.84,1006.18,43.16,439.86
16.7,46.18,1011.2,96.84,456.2
29.05,69.71,1009.03,64.25,434.05
28.03,60.23,1010.23,66.04,438.88
23.01,58.79,1009.71,84.22,444.64
24.27,60.37,1005.13,77.16,437.78
25.07,60.27,1018.13,70.33,439.52
20.1,57.17,1011.96,87.68,452.67
14,41.78,1010.96,48.37,465.62
10.91,42.34,1021.83,94.99,470.91
12.68,43.7,1016.07,86.89,471.8
14.05,39.59,1011.2,94.54,464.63
10.72,35.76,1019.71,62.26,473.48
11.74,43.56,1015.14,70.72,477.5
20.56,59.14,1016.02,68.59,448.82
23,57.76,1017.64,56.86,451.39
19.82,46.63,1013.17,87.1,456.36
13.06,41.78,1012.3,55.31,467.67
13.42,48.04,1011.63,99.32,461.36
23.18,51.3,1012.04,78.64,448.86
22.17,60.27,1018.21,89.55,443.31
18.33,49.64,1025.36,62.57,468.14
25.5,63.56,1013.85,64.69,442.28
7.46,39.81,1018.62,86.73,484.13
18.4,44.06,1017.36,70.88,456.8
6.1,43.65,1018.07,75.85,485.24
28.44,77.54,1011.73,77.3,433.21
13.74,34.03,1018.69,67.34,470.49
5.72,40.81,1025.78,92.46,487.8
24.26,69.71,1008.98,81.58,438.6
24.73,65.34,1015.42,52.8,446.92
28.37,72.86,1004.81,53.52,441.37
5.98,41.31,1001.66,89.5,484.51
26.63,62.44,1010.86,70.82,438.25
21.78,47.43,1007.88,66.68,446.79
25.87,47.01,1014.67,61.87,452.32
14.64,44.92,1025.54,91.12,462.64
25.27,69.89,1015.21,79.33,436.33
18.87,60.07,1015.15,70.91,453.27
13.42,41.74,1020.96,61.8,473.45
14.46,42.86,1031.34,69.84,464.44
13.9,39.59,1011.84,94.74,465
14.02,40.75,1016.05,70.65,470.48
19.15,59.21,1018.41,88.9,450.26
25.88,63.73,1009.48,77.17,438.42
15.52,58.59,1014.12,91.22,457.74
22.64,62.44,1011.82,75.07,448.13
24.73,69.94,1006.09,59.15,439.86
11.47,25.36,1008.27,95.4,469.51
30.03,67.9,1006.22,52.61,426.13
15.62,38.28,1014.5,77.01,465.7
11.31,39.61,1018.74,68.9,471.92
14.7,41.39,1018.84,68.19,469.6
14.49,41.16,1000.5,82.17,465.24
15.86,39.82,1013.12,77.37,466.89
7.36,40.07,1017.29,52.55,489.45
26.13,57.32,1012.27,45.78,441.6
31.12,68.14,1003.67,67.36,427.06
9.29,39.04,1022.72,74.29,482.55
13.9,39.54,1007.01,81.33,471.16
32.55,70.94,1006.75,43.15,432.07
25.15,62.91,1012.23,48.22,444.19
27.83,72.29,1012.04,48.86,445.73
14.5,53.82,1016.81,62.89,464.27
12.68,45,1022.54,77.19,479.69
20.76,59.21,1017.94,80.84,447.67
22.86,62.52,1016.23,70.67,447.96
25.85,75.08,1006.24,57.73,444.63
15.16,40.73,1017.7,86.37,459.19
18.17,66.86,1011.29,78.48,452.77
22.18,62.39,1007.84,85.74,452.31
32.41,58.9,1003.26,45.33,439.11
26.8,68.31,1011.04,61.48,447.85
16.22,37.87,1022.36,83.13,461.06
14.1,44.92,1023.95,89.5,467.22
22.91,68.63,1014.92,55.82,448.01
6.87,40.07,1017.91,57.64,491.4
20.53,49.16,1007.11,90.02,444.69
16.17,38.01,1022.19,70.99,462.54
25.28,66.25,1009.77,84.55,439.77
20.97,61.87,1011.45,65.41,446.76
23.84,49.21,1013.35,45.4,446.54
19.69,56.65,1020.79,66.94,457.17
25.97,68.12,1013.11,61.97,437.11
22.69,49.21,1012.64,46.83,449.01
28.16,73.21,1002.27,88.26,432.78
16.76,53.16,1014.13,81.87,457.98
22.37,41.54,1013.74,72.21,459.06
13.98,40.24,1017.19,87.45,467.2
11.02,40.81,1016.31,78.13,474.01
9.41,34.69,1027.02,78.91,480.87
9.35,41.03,1021.33,66.75,482.16
23.48,64.15,1021.08,57.77,450.89
24.49,65.06,1014.07,63.32,441.4
12.86,44.77,1018.75,74.73,468.43
23.61,59.39,1015.11,78.84,438.08
26.45,75.6,1017.42,74.5,436.89
20.83,67.32,1011.76,73.11,443.17
25.23,61.86,1013,76.18,441.48
25.86,60.32,1015.91,53.37,446.58
16,37.87,1020.24,78.41,461.33
21.98,58.79,1010.72,86.85,448.84
28.61,68.12,1012.23,46.45,435.28
9.82,37.83,1005.29,100.07,473.66
21.61,49.39,1019.41,78.2,449.26
25.21,70.04,1009.51,76.13,432.93
15.12,41.79,1007.16,82.35,455.63
6.61,38.91,1015.77,92.31,484.32
12.87,39.3,1020.64,74.38,467.54
30.1,67.45,1014.23,39.04,434.01
5.95,35.57,1025.84,77.61,487.72
18.77,49.21,1012.2,58.69,454.86
14.74,44.47,1028.29,67.87,462.92
7.95,40.72,1023.7,84.19,486.14
26.45,54.5,1014.96,65.55,450.76
13.78,40.1,1014.49,81.86,445.98
10.18,43.5,1022.84,88.7,476.91
19.04,51.86,1018.05,79.01,458.64
19.08,44.63,1020.14,43.36,459.81
24.85,58.05,1011.5,70.12,444.53
14.35,40.71,1023.09,69.5,473.56
31.35,68.67,1005.26,66.85,433.73
12.55,39.58,1010.68,76.9,472.31
26.48,68.14,1004.83,55.96,432.19
6.06,41.17,1019.67,84.7,489.62
8.3,40.35,1012.37,98.17,481.77
28.37,69.13,1010.44,71.93,425.29
32.56,68.94,1007.12,58.18,425.61
27.17,63.09,1015.59,68.33,443.66
21.53,70.02,1010.33,95.95,440.93
30.06,67.25,1017.63,53.59,435.02
21.46,46.63,1012.97,71.29,452.1
28.19,71.97,1008.85,84.67,438.8
24.6,75.23,1012.04,76.77,434.07
26.02,63.07,1010.94,53.96,446.82
25.15,73.67,1007.42,85.48,435.9
11.94,40.66,1016.61,96.11,467.99
26.24,77.95,1014.19,85.21,438.01
19.92,46.97,1014.32,69.17,459.39
24.64,58.79,1009.82,73.96,444.26
21.45,60.08,1017.92,72.7,451.49
25.21,46.21,1010.87,59.35,439.55
23.45,66.48,1003.66,75.83,435.13
16.49,41.93,1022.92,44.98,467.48
10.47,43.14,1010.35,86.86,476.55
13.77,42.86,1030.72,77.3,471.38
18.66,56.53,1020.13,80.04,459.45
16.68,53.16,1014.32,78.02,456.29
17.32,45,1022.19,40.45,469.38
14.1,42.74,1026.92,67.25,466.1
12.72,40.71,1016.02,71.57,466.99
8.88,39.66,1015.21,88.29,481.45
24.87,68.61,1011.19,55.69,450.54
26.71,70.72,1010.3,78.18,438.72
12.99,44,1025.22,90.27,470.93
26.41,60.93,1007.16,66.02,436.71
25.39,70.36,1006.76,73.62,436.5
10.62,39.64,1010.65,62.15,477.07
25.17,72.39,1001.69,90.51,432.45
13.72,44.47,1027.2,68.89,470.66
6.37,40.81,1025.98,91,489.18
19.89,51.43,1007.33,92.08,448.98
17.35,52.72,1026.31,58.01,463.65
16.22,41.35,1000.96,79.59,462.21
24.54,60.23,1011.55,72.78,445.25
18.63,61.27,1019.69,73.67,454.03
14.42,41.16,1004.32,88.42,467.25
15.86,40.66,1016.23,86.74,455.85
15.17,36.71,1013.5,77.44,471.93
10.07,40.92,1021.43,97.15,467.01
29.61,67.07,1005.91,39.28,434.14
22.63,58.96,1013.62,56.67,451.41
29.53,71.43,1011.79,57.41,438.78
11.66,44.6,1018.39,89.98,471.3
15.75,47.45,1009.86,86.68,451.5
23.21,63.94,1013.56,80.23,446.11
13.43,43.56,1013.02,66.36,472.94
19.85,56.53,1020.57,74.05,457.17
19.69,56.65,1020.72,70.86,456.18
26.68,49.02,1008.4,68.01,441.54
4.87,42.85,1013.6,92.3,482.22
7.61,39.37,1015.84,83.73,483.74
5.43,39.9,1007.5,86.27,487.84
24.4,41.1,1002.14,38.75,451.66
24.16,66.05,1016.45,73.27,443.75
22.67,60.77,1017.56,79.43,444.43
23.53,68.94,1007.53,69.17,437.48
21.86,60.27,1016.06,90.48,446.31
23.95,58.46,1017.5,68.46,440.75
10.82,42.02,996.03,99.34,475.46
14.76,39.64,1010.37,81.99,465.82
28.07,61.47,1008.68,64.83,442.59
8.25,37.49,1009.02,81.09,480.38
14.96,43.02,1012.77,42.93,467.16
31.35,67.32,1013.74,38.56,439.81
14.64,42.77,1017.59,79.6,464.27
23.97,64.05,1012.23,90.18,447.44
23.76,70.32,1012.13,78.84,434.64
13.88,39.16,1010.8,75.69,464.37
14.89,39.58,1012.26,77.58,465.95
14.08,40.73,1017.52,91.49,461.58
7.11,40.77,1022.4,90.95,475.55
11.44,44.2,1018.14,84.9,476.12
21.59,48.06,1012.72,77.13,446.83
24,58.05,1011.28,74.32,447.16
14.8,38.73,1003.18,80.73,467.54
12.28,39.96,1011.76,77.07,468
20.88,47.45,1007.5,76.21,449.34
16.76,48.14,1012.92,65.74,456.31
28.71,64.69,1006.52,68.38,435.85
21.44,48.98,1014.4,54.22,454.5
27.18,79.05,1008.99,94.32,434.01
23.99,58.62,1016.91,66.36,449.4
12.56,41.4,1019.23,74.26,472.54
27.54,75.6,1018.26,57.89,440.87
25.62,60.29,1017.81,51.24,444.94
7.49,39.81,1018.2,85.96,483.71
12.28,40.92,1023.23,89.14,460.33
11.53,41.14,1025.63,88.54,469.04
23.04,57.32,1011.23,64.27,442.01
27.05,75.33,1003.88,82.94,433.57
7.29,40.96,1023.01,90.78,488.65
14.87,41.2,1016.27,70.51,467.01
21.17,58.46,1017.71,83.98,446.66
14.22,44.99,1012,75.28,460.53
19.54,50.66,1014.7,84.53,456.61
28.11,69.84,1004.68,67.08,427.33
21.05,61.87,1009.69,62.81,449.05
24.41,73.67,1007.39,86.92,435.56
20.38,62.52,1017.85,75.56,456.56
23.37,63.77,1013.42,76.44,443.86
29.98,67.22,1014.22,52.69,445.3
15.83,41.67,1013.39,74.12,464.93
9.7,40.71,1025.63,80.34,483.19
19.93,57.25,1010.6,89.34,455.15
10.64,41.04,1025,93.59,468.88
17.77,43.72,1009.01,77.7,456.34
13.08,43.14,1019.39,99.74,467.06
32.91,73.56,1007.02,55.03,434.03
24.5,60.77,1017.15,73.66,439.91
9.47,36.54,1007.93,77.65,475.48
24.95,76.16,1006.2,76.16,437.47
27.36,63.31,1013.7,51.58,440.4
13.3,37.9,997.41,91.51,465.61
8.23,41.01,1022.89,98.03,474.52
25.45,72.24,1011.44,80.54,434.92
23.08,48.41,1008.44,82.35,443.5
28.46,69.75,1009.46,79.75,435.75
19.88,44.6,1015.52,37.85,467.68
18.95,65.48,1018.17,71.85,452.85
12.22,41.2,1016.81,81.22,474.96
5.99,35.79,1011.56,91.69,484.82
29.01,64.79,1017.62,44.31,442.12
19.48,39.72,1001.75,55.41,457.16
19.05,53.16,1013.22,82.8,455.76
19.15,56.53,1019.95,84.1,456.4
26.39,66.49,1012.96,60.35,433.36
26.47,47.43,1009.09,54.94,439.4
32,73.17,1009.92,42.47,433.72
24.85,70.47,1006.64,85.37,434.47
30.4,71.97,1008.42,76.28,430.23
19.12,44.85,1014.66,43.66,463.71
23.13,71.25,1002.49,94.59,431.91
29.79,69.34,1008.82,65.13,434.74
25.99,63.07,1012.5,64.81,442.16
8.01,40.46,1019.42,76.15,475.42
25.06,62.39,1008.09,82.56,438.31
11.52,40.8,1024.31,73.49,479.56
10.58,41.49,1020.43,91.9,473.19
22.07,69.94,1011.18,80.86,440.09
25.44,63.13,1011.74,77.83,441.91
10.67,45,1022.99,85.91,481.83
26.38,71.58,1011.02,80.9,434.26
13.78,40,1018.38,68.67,458.74
28.09,70.02,1010.84,51.29,437.83
32.27,71.85,1007.88,56.01,427.56
27.97,68.31,1010.64,55.91,443.34
11.17,40.27,1009.54,74.56,476.18
12.72,40.64,1021.11,93.24,475.73
12.98,39.64,1013.95,74.39,473.54
8.83,43.56,1014.9,81.55,482.43
26.6,61.02,1010.26,66.16,436.19
17.63,40.55,1002.27,73.42,462.13
6.17,40.07,1013.7,58.99,495.21
25.56,58.82,1010.44,70.23,441
14.07,42.86,1032.16,71.53,467.47
11.05,40.75,1016.55,87.08,478.07
23.16,69.94,1004.92,68.68,438.48
12.19,41.17,1019.43,65.47,475.64
12.58,43.67,1012.86,94.01,472.65
28.44,74.93,1013.88,52,441.52
24.75,69.89,1015.29,82.01,438.1
28.03,68.67,1005.52,58.16,438.8
16.14,44.63,1019.44,47.85,463.5
18.53,63.91,1010.26,97.8,440.64
27.54,68.27,1008.12,56.42,433
27.38,70.04,1011.18,72.26,428.88
25.2,61.08,1013.04,74.28,447.09
24.73,74.22,1010.15,79.83,436.55
18.33,44.34,1019.55,51.69,468.8
28.4,75.23,1011.12,55.01,441.78
30.36,69.04,1009.6,58.73,436.72
15,41.17,1015.57,64.82,468.72
22.19,62.96,1019.54,67.96,453.03
28.56,69.51,1012.45,46.59,434.35
21.36,59.54,1007.99,92.62,446.09
13.98,41.79,1010.6,83.84,457.12
17.44,44.89,1009.9,80.54,457.67
24.92,48.92,1010.11,36.53,445.56
15.14,39.72,1002.96,72.52,460.15
25.09,57.43,1013.2,70.42,446.11
24.38,47.01,1015.17,68.96,454.85
31.18,69.04,1008.19,49.72,441.26
23.01,66.54,1009.86,64.53,442.47
16.39,52.75,1024.42,54.61,459.48
21.87,69.45,1014.04,71.19,439.97
23.6,48.98,1015.41,48.28,448.43
25.6,58.46,1016.34,66.6,441.88
29.9,64.79,1016.9,48.24,441.41
10.75,45.01,1018.73,93.16,471.47
18.64,67.71,1003.84,89.63,442.26
22.61,44.05,1005.69,76.74,443.45
25.48,58.95,1017.02,51.16,440.42
20.86,51.3,1012.03,92.46,449.67
23.75,68.51,1013.21,76.01,441.61
23.41,74.99,1007.22,84.55,442.51
26.16,63.76,1010.03,68.77,437.24
22.89,73.11,1006.66,73.11,440.15
28.79,68.51,1013.02,62.84,432.51
10.76,40.78,1023.81,87.96,469.97
5.98,39.61,1017.27,84.86,482.17
7.28,39.81,1017.61,87.56,483
16.34,41.16,1006.36,75.52,462.56
21.9,47.43,1006.8,60.48,452.13
15.07,50.88,1014.33,100.12,464.37
30.69,69.89,1013.9,42.85,431.01
19.4,49.69,1012.89,75.53,455.6
28.91,70.72,1009.7,67.5,439.94
13.61,41.16,1020.49,75.09,462.67
12.6,41.74,1022.13,67.89,474.23
29.5,72.86,1004.63,52.17,439.43
7.26,41.22,1014.86,97.82,488.75
15.74,71.14,1019.65,65.94,457.29
21.79,58.2,1017.21,66.74,446.94
22.31,51.19,1009.38,79.72,444.74
21.46,74.87,1009.23,86.58,445.5
21.06,62.91,1011.92,75.52,455.22
26.6,61.41,1012.35,54.42,451.4
13.67,44.92,1023.6,85.35,467.71
18.1,48.06,1015.47,82.47,454.04
22.25,59.8,1016.79,69.02,451.64
30.38,74.16,1007.44,74.77,432.84
23.25,63.86,1017.82,59.64,445.12
5.48,40.07,1019.63,65.62,495.76
27.35,69.48,1008.51,65.81,432.31
12.57,43.8,1023.2,56.85,466.68
14.22,48.6,1006.26,88.05,459.69
15.14,37.85,1010.33,84.3,468.31
24.29,62.91,1013.04,65.85,442.18
14.24,39.52,1018.22,77.19,468.51
14.85,44.63,1020.67,75.76,460.06
30.18,68.24,1009.31,64.06,427.38
16.63,53.82,1015.18,66.09,458.29
24.43,67.25,1017.99,74.27,436.5
12.85,40.35,1011.29,81.27,472.69
13.8,45.08,1023.99,79.72,466.71
7.71,38.06,1021,83.47,482.78
15.36,41.35,1002.4,91.67,465.01
8.42,37.49,1009.22,82.15,478.87
20.25,63.91,1009.27,97.97,448.37
28.1,61.02,1011.28,59.05,437.5
14.43,39.82,1012.56,78.52,470.17
10.37,37.5,1013.19,79.25,473.1
29.98,47.93,1002.46,42.73,438.79
16.55,41.93,1022.71,42.73,466.77
29.25,71.94,1007.18,63.62,427.49
25.51,67.69,1004.53,80.03,433.02
13.83,43.22,1010.62,70.8,464.39
21.04,54.2,1012.26,85.61,443.41
7.64,41.17,1020.01,75.14,488.53
28.31,70.32,1007.88,47,432.5
16.98,44.85,1015.48,51.77,464.27
31.19,68.3,1014.86,39.1,430.48
24.26,61.02,1009.78,76.68,442.86
21.71,60.77,1017.95,85.07,444.59
22.26,60.37,1008.14,92.37,441.33
25.18,47.93,1002.92,60.33,441.29
25.18,62.96,1020.04,59.08,444.37
8.9,39.96,1026.31,95.46,474.49
32.11,78.05,1010.36,58.78,431.31
32.63,73.88,1005.64,52.56,435.75
14.17,42.99,1007.38,78.88,470.68
10.05,41.17,1018.98,83.71,481.38
22.29,56.89,1014.39,84.89,441.9
28.9,68.84,1011.64,64.44,437.06
10.31,44.63,1020.55,88.62,471.78
12.45,40.81,1025.63,66.26,474.73
25.44,70.17,1000.65,91.89,433.02
8.46,39.66,1015.14,85.38,484.16
16,44.9,1020.5,80.89,461.5
13.73,50.59,1020.44,85.54,459.6
15.5,44.34,1019.21,65.21,468.53
30.14,67.69,1006.54,57.05,426.91
10.69,36.71,1022.08,83.28,472.81
24.5,58.66,1011.54,57.92,451.03
26.04,72.43,1006.82,84.88,432.94
32.86,68.51,1008.43,46.78,432.38
16.5,53.29,1017.7,95.66,458.37
11.48,42.02,1000.29,94.76,471.43
27.66,76.86,1001.31,69.47,436.64
21.7,70.32,1009.12,91.3,438.52
26.51,70.32,1010.3,57.4,431.82
13.1,40.03,1017.79,84.48,470.75
23.76,74.22,1009.2,92.98,437.47
21.69,42.23,1013.05,67.55,461.56
24.19,65.48,1018.8,60.54,443.92
27.18,61.41,1012.17,46.11,449.7
26.76,70.98,1007.64,90.51,437.83
24.82,72.99,1007.81,84.72,435.68
21.09,46.63,1013.03,74.8,453.34
13.49,43.41,1015.75,57.86,461.06
15.79,44.89,1010.19,84.61,458.09
28.57,69.84,1003.57,66.55,433.24
31,71.77,1006.29,48.56,431.07
34.96,68.94,1006.17,59.26,431.48
31.41,64.44,1013.84,49.49,439.3
23.93,65.59,1011.09,87.26,444.9
23.09,69.13,1010.93,90.07,436.67
13.65,42.74,1026.58,71.48,468.87
28.22,51.43,1006.06,63.72,438.43
9.82,41.26,1007.71,96.69,478.02
23.59,43.77,1010.85,55.98,448.42
14.16,39.28,1015.63,77.29,471.27
31.54,71.06,1008.4,71.77,431.87
13.48,41.92,1030.2,65.96,463.9
28.25,71.77,1006.36,67.03,429.39
21.96,58.79,1010.51,87.32,448.89
23.09,73.5,1011.4,89.76,438.56
30.81,71.97,1008.36,75,430.53
19.89,68.08,1012.65,80.25,448.71
12.07,41.17,1013.54,71.32,479.28
15.24,48.6,1007.08,86.49,459.85
32,65.74,1011.22,46.16,440.26
32.56,68.14,1004.02,35.04,425.11
19.26,58.46,1015.74,84.64,450.66
12.46,40.73,1017.53,93.47,464.7
31.97,79.74,1007.03,55.84,435.99
25.77,59.39,1014.76,69.99,438.64
17.54,44.58,1016.56,79,465.51
10.2,41.17,1019.56,82.46,479.7
28.34,63.77,1013.7,61.13,439.75
29.66,59.22,1013.25,61.2,441.58
8.49,39.61,1021.05,87.74,483.94
11.72,39.18,1024.19,68.53,468.98
26.2,71.73,1010.14,76.14,430.89
27.91,64.79,1017.7,48.29,440.53
13.29,71.14,1019.63,75.09,464.18
29.13,68.3,1014.96,37.08,437.25
16.39,58.59,1014.58,90.34,455.05
19.79,51.19,1008.77,94.72,447.96
24.44,69.13,1011.1,87.62,434.34
31.98,70.17,999.43,59.42,430.92
19.36,44.6,1016.25,45.65,464.56
17.35,39.39,1013.18,67.67,467.85
18.14,67.71,1003.82,95.69,442.45
13.25,49.83,1008.76,88.21,453.8
24.86,60.77,1016.85,71.24,440.68
5.53,35.79,1013.48,94.19,484.25
10.24,41.58,1021.17,94.34,465.86
33.96,68.94,1006.93,47.39,427.06
22.36,58.79,1011.77,87.51,446.49
30.21,79.74,1006.82,54.03,430.83
8.97,36.24,1013.21,90.77,477.89
5.98,38.91,1016.5,91.83,488.85
26.45,74.33,1013.81,61.7,433.16
23.45,70.04,1010.99,79.2,436.46
12.61,43.22,1013.41,78.94,466.85
19.34,64.79,1018.03,84.77,454.59
17.31,44.71,1017.43,35.4,463.05
16.31,42.28,1007.45,77.77,466.49
12.37,43.22,1009.1,76.06,468.49
15.28,48.14,1012.55,69.65,460.75
18.82,61.27,1019.5,72.23,455.29
26.06,49.02,1007.59,74.08,437.9
8.79,40.67,1019.5,66.3,489.02
26.19,65.61,1014.51,54.52,443.73
32.63,74.99,1002.42,40.07,432.79
13.41,40.89,1010.85,89.61,472.4
13.21,41.2,1016.63,74.1,474.26
6.22,39.33,1012.31,93.23,491.77
30.3,73.9,1006.72,55.13,440.79
9.38,44.77,1020.41,85.26,473.9
4.81,42.85,1013.96,86.94,479.8
10.48,40.22,1004.81,92.16,477.78
14.22,37.85,1011.24,88.49,471.05
15.22,50.88,1014.19,100.12,460.44
17.69,46.36,1019.55,86.64,462.81
6.52,39.85,1012.55,86.36,483.01
28.31,71.85,1009,77.56,429.57
4.59,39.33,1010.85,71.78,494.9
9.53,38.18,1018.43,75.33,476.54
12.82,38.62,1018.71,83.8,467.41
13.11,41.58,1020.43,74.32,460.44
26.72,67.79,1010.35,63.31,444.68
14.94,41.35,1004.82,98.04,466.73
13.93,38.91,1013.04,73.51,470.39
23.24,45.01,1012.21,45.23,457.01
25.2,65.59,1013,71.34,439.14
23.48,70.79,1006.7,88.57,432.25
10.03,42.02,998.6,99.9,471.07
13.26,41.74,1021.89,63.32,473.44
30.28,70.98,1007.51,74.28,432.64
30.3,69.51,1011.8,50.43,431.12
7.64,41.17,1020.01,75.14,488.53
17.3,46.21,1013.56,87.57,456.77
18.87,44.06,1013.42,68.78,451.4
18.26,69.94,1004.1,97.39,443.59
24.14,69.23,1012.4,73.26,433.92
21.24,60.84,1017.99,82.22,445.71
4.08,35.19,1018.87,97.07,489.44
17.4,44.9,1020.5,77.11,457.75
26.68,59.92,1009.94,70.57,438.67
22.69,65.18,1012.47,80.9,441.18
14.86,44.71,1018.3,49.46,466.38
9.15,44.03,1012.45,81.67,474.26
29.9,74.99,1002.28,59.76,436.77
16.87,52.05,1012.7,71.63,460.31
17.44,44.88,1018.05,68.35,465.72
14.2,45.51,1015.36,74.85,465.35
30.68,73.67,1005.63,57.05,429.64
14.17,43.13,1014.94,48.62,471.08
23.44,62.52,1016.46,67.21,447.19
20.54,68.12,1012.23,81.06,440.28
12.58,39.72,1018.08,64.25,469.38
26.76,71.94,1008.81,64.62,432.49
26.02,74.78,1010.04,72.78,439.82
27.2,59.74,1011.99,56.74,440.13
26.91,74.99,1005.64,78.98,437.06
34.29,68.51,1009.58,32.25,427.62
24.76,63.07,1012.73,70.39,443.04
13.78,42.03,1017.51,84.94,467.6
16.81,42.42,1008.95,74.25,462.19
20.83,49.02,1009.45,91.92,445.31
32.21,70.94,1006.76,47.56,430.06
25.33,71.32,1007.05,85.31,434.68
18.52,58.41,1013.77,99.89,446.68
28.38,72.39,998.93,73.85,432.02
25.45,70.04,1011.2,82.48,430.2
20.29,49.69,1008.94,69.91,454.74
31.99,53.53,1004.98,53.53,432.43
5.51,35.57,1026.3,78.97,489.36
16,39.16,1016.37,77.63,468.49
9.52,39.61,1021.18,73.78,478.79
20.86,67.25,1017.45,81.45,444.5
13.44,40.69,1014.54,77.97,473
13.97,41.16,1020.88,74.88,459.84
26.27,62.91,1011.97,48.06,447.76
20.99,50.12,1008.82,95.97,448.07
18.06,56.65,1020.2,81.59,459.14
23.68,68.12,1011.18,72.45,441.54
7.81,39.64,1011.42,86.68,482.22
18.84,40.79,1005.18,92.46,459.96
9.33,36.3,1027.88,79.23,479.6
14.93,39.16,1007.25,72.35,463.2
12.45,40.56,1017.84,66.52,477.41
13.52,41.48,1014.46,67.12,460.76
27.99,71.58,1010.68,68.99,435.99
35.1,68.27,1006.96,43.51,426.3
6.19,41.31,1002.48,88.8,485.08
24.88,71.94,1006.85,87.32,433.3
13.84,44.9,1007.58,63.62,463.27
21.54,58.49,1010.85,78.9,449.12
19.41,46.63,1013.23,86.28,452.6
20.68,63.86,1015.73,74.36,447.84
12.72,44.9,1007.6,71.8,463.49
24.44,73.5,1011.49,87.39,437.73
22.48,71.29,1008.15,75.41,444.71
30.22,70.32,1011.63,65.97,435.98
22.45,59.87,1018.92,72.73,445.34
23.56,67.79,1010.14,89.72,441.29
15.11,45.01,1017.01,84.39,462.21
11.39,43.72,1010.91,98.83,467.8
28.28,69.48,1008.56,61.3,428.75
8.28,40.77,1011.55,89.79,480.15
28.18,64.84,1009.22,56.04,443.65
29.12,73.06,1009.98,80.21,434.9
8.61,43.8,1021.9,74.35,478.25
31.09,74.22,1007.56,46.36,430.3
30.25,68.24,1006.58,31.9,432.05
24.48,66.25,1009.42,88.17,441.07
25.26,61.08,1013.68,71.72,447.46
28.29,47.93,1002.6,53.23,437.13
11.09,40.43,1025.47,74.97,490.96
26.53,65.61,1014.29,50.9,442.64
21.29,51.43,1011.31,90.12,452.94
18.24,58.46,1017.38,86.92,449.63
14.05,40.71,1016.36,68.58,465.74
28.52,70.72,1009.64,66.76,437.72
5.7,40.62,1016.07,84.94,482.82
5.11,42.07,1004.28,81.8,486.41
9.87,42.74,1024.61,87.74,470.9
16.96,63.31,1016.42,77.09,454.14
25.44,66.54,1011.9,56.76,437.99
17.03,43.99,1021.5,82.32,460.25
17.69,65.46,1013.72,67.28,448.49
20.65,50.59,1016.22,68.57,455.24
10.53,41.26,1007.48,98.74,475.96
24.2,63.21,1012.25,79.86,449.03
28.73,50.05,1005.79,52.4,436.35
12.74,39.13,1008.19,94.81,468.57
20.97,44.63,1007.64,73.69,453.26
23.84,68.94,1007.45,71.35,436.05
22.85,47.43,1008.13,66.36,448.15
24.84,59.22,1013.18,83.08,442.7
15.7,42.99,1007.51,76.05,464.59
14.56,53.82,1016.37,64.46,463.64
29,77.54,1011.33,75.13,431.37
10.38,43.02,1013.37,78.53,474.44
23.55,58.79,1010.78,78.47,447.01
16.41,44.92,1024.27,84.16,462.12
18.14,49.78,1002.95,100.09,451.44
4.47,35.19,1018.78,92.68,487.43
23.89,48.41,1010.48,62.31,441.83
10.32,38.91,1012.11,81.49,479.17
27.78,68.67,1005.59,59.17,439.92
23.27,67.9,1006.17,71.01,447.25
25.61,67.69,1009.22,68.76,437.78
28.61,70.36,1006.95,73.06,440.16
22.39,48.14,1014.56,64.31,448.58
11.84,40.05,1014.54,86.78,473.82
30.2,71.85,1008.25,59.1,425.21
7.96,38.91,1016.35,89.17,482.17
30.2,69.59,1008.9,67.32,434.66
23.53,72.24,1010.84,94.33,436.69
11.63,41.5,1013.6,87.11,477.3
17.1,62.1,1020.39,93.63,453.4
13.77,42.86,1012.86,88.83,471.94
28.14,51.43,1012.16,52.67,445.33
13.33,40.64,1020.92,91.47,474.07
15.61,40.89,1010.48,80.26,467.3
21.46,51.61,1010.91,76.41,457.28
19.27,43.14,1013.17,39.85,463.14
14.26,44.47,1028.81,72.19,465.77
21.99,71.85,1009.5,74.77,441.1
28.54,71.94,1007.4,65.99,430.91
8.22,41.82,1032.77,71.63,477.86
28.14,61.47,1009.69,64.66,435.35
30.2,70.02,1009.85,63.39,437.48
25.54,48.41,1010.51,55.34,437.58
9.68,40.22,1007.6,89.97,479.56
22.38,63.31,1014.76,73.8,441.3
14.95,42.99,1008.75,90.76,468.61
28.56,74.22,1007.45,69.6,434.54
13.78,40.73,1017.55,94.28,462.59
18.68,56.65,1020.38,80.26,455.79
30.63,53.3,1004.91,53.3,430.27
10.38,40.92,1021.53,95.18,466.46
20.2,64.45,1009.03,61.77,452.33
24.27,68.28,1005.43,67.63,445.23
14.29,39.59,1010.93,94.53,463.04
33.11,77.54,1010.36,50.99,431.77
28.01,51.43,1011.6,49.2,449.82
28.33,68.14,1004.63,71.21,431.27
6.18,41.38,1020.23,81.38,490.81
26.31,68.51,1013.26,68.66,435.91
23.07,69.23,1011.78,76.06,437.08
22.05,63.31,1012.39,76.95,444.37
22.17,70.47,1011.07,82.57,441.14
27.53,72.58,1009.13,89.06,428.83
9.98,41.54,1019.7,80.79,480.26
5.9,45.87,1013.25,87,481.27
21.7,64.69,1007.93,78.37,448.76
9.95,43.56,1014.85,82.62,477.88
24.1,71.97,1009.92,91.27,443.09
27.07,74.87,1010.09,58.97,440.47
24.01,46.93,1013.3,52.24,448.35
10.55,41.26,1007.77,99.1,473.6
16.13,39.99,1007.04,80.49,465.25
22.78,71.77,1005.26,89.23,435.46
22.01,49.39,1019.6,75.8,451.84
15.02,37.64,1016.49,83.28,463.93
19.94,58.96,1014.16,66.27,455.55
23.92,63.21,1012.52,86.51,445.26
27.39,67.07,1006.17,58.2,441.45
27.55,68.08,1011.42,60.71,432.59
26.28,75.23,1011.44,68.35,435.28
28.97,67.9,1006.19,65.81,434.7
27.87,70.79,1003.96,72.17,428.41
19.65,45.01,1014.18,56.77,451.63
12.15,45.01,1018.89,90.02,468.07
27.01,69.75,1009.78,81.29,442.57
23.06,56.85,1012.5,64.03,440.03
31.01,69.04,1009.14,52.81,442.07
25.14,49.02,1007.56,79.02,438.53
25.99,68.08,1013.13,59.14,442.14
1.81,39.42,1026.92,76.97,490.55
31.86,69.59,1008.61,59.74,435.72
29.04,62.26,1010.63,56.6,433.97
17.32,44.34,1019.52,56.24,468.8
32.4,68.14,1004.44,34.53,425.91
26.04,52.84,1005.68,65.18,439.36
20.46,54.2,1011.4,84,448.1
4.16,35.47,1017.72,88.49,486.7
30.28,58.9,1005.03,54.59,439.06
24.56,58.82,1011.42,72.47,442.76
3.38,41.31,998.79,97.76,489.11
17.68,53.16,1013.09,82.79,456.86
17.7,50.88,1015.44,89.57,456.78
25.38,63.87,1018.7,52.48,442.13
24.49,49.82,1017.09,64.02,451.42
27.4,77.24,1007.65,78.13,435.74
33.87,71.32,1007.91,39.48,435.89
19.45,46.33,1013.39,99.52,452.82
20.82,63.77,1014.28,86.37,448.9
27.31,68.14,1005.73,50.74,437.83
22.93,63.13,1011.6,77.09,448.02
12.38,40.6,1013.86,85.35,472.53
20.08,58.12,1015.53,80.84,455.85
25.72,66.86,1007.47,69.14,439.97
25.46,70.32,1010.65,64.7,433.08
25.14,73.67,1006.94,88.51,430.89
19.67,44.89,1009.43,73.88,455.2
20.32,39.72,1001.38,57.21,456.18
13.08,39.28,1012.41,77.98,474.13
26.42,59.27,1012.9,65.38,443.94
21.5,50.59,1017.08,65.28,453.8
20.59,59.8,1015.27,77.94,453.83
30.93,73.42,1010.98,56.42,432.44
19.9,56.53,1020.52,78.05,456.48
31.33,58.9,1003.77,52.34,439.54
12.04,41.58,1018.02,88.91,464.45
24.16,65.06,1013.88,58.96,442.32
5.18,41.31,1000.59,92.14,485.2
27.71,74.34,998.14,71.85,434.2
27.01,43.77,1011.18,46.58,440.64
23.9,61.41,1011.95,67.87,451.99
26.93,72.99,1007.33,78.85,433.18
32.41,67.83,1008.54,55.96,426.85
9.45,41.4,1027.06,87.35,479
20.28,57.25,1010.12,88.42,452.03
25.61,58.86,1013.9,54.9,444.77
14.51,49.83,1006.27,91.65,460.45
10.39,40.22,1006.59,87.77,479.14
11.99,38.28,1013.65,91.31,469.23
7.22,41.01,1025.19,97.27,476.15
10.07,34.69,1028.09,70.52,478.65
19.46,56.89,1014.02,84.95,447.86
11.83,44.6,1018.49,89.06,469.96
32.96,68.31,1010.39,42.33,443.57
28.82,64.79,1016.74,56.34,445.1
11.81,40.75,1016.13,84.14,477.22
27.52,66.25,1008.21,78.8,438.51
9.26,40.78,1023.61,88.48,471.79
15.5,40.12,1012.79,96.75,460.41
25.04,70.47,1006.82,84.75,433.1
23.21,73.42,1010.34,88.29,439.66
20.04,58.2,1017.56,74.31,448.92
20.76,70.72,1009.73,89.04,448.85
24.05,70.4,1006.83,92.35,442.07
28.34,73.68,1015.05,76.73,432
14.72,43.34,1013.07,85.61,464.22
25.66,77.54,1008.22,78.42,432.82
23.79,59.44,1012.53,79.48,448.67
13.19,44.88,1017.61,94.95,467.68
5.15,35.19,1018.63,93.94,488.42
27.25,69.98,1008.55,59.55,431.44
10.8,40.69,1014.3,87.44,478.19
20.77,45.87,1008.07,76.22,452.71
20.62,43.43,1009.93,64.02,449.07
10.93,39.22,1019.44,64.94,473.27
9.33,44.03,1011.73,86.04,474.15
16.85,50.9,1013.26,83.94,460.68
9.32,36.3,1027.67,73.25,479.52
28.75,64.84,1009.61,58.24,441.3
27.07,65.59,1012.14,63.93,442.71
15.59,52.05,1013.67,78.55,456.07
20,56.53,1020.43,75.94,454.86
14.04,40.2,1013.29,89.54,465.25
21.42,56.89,1014.39,84.05,444.86
18.33,52.08,1001.78,100.09,448.23
12.54,44.03,1007.05,84.03,471.86
19.29,67.71,1007.94,63.71,449.28
6.61,38.68,1017.5,63.88,483.88
25.27,67.07,1006.34,66.35,445.81
17.51,68.28,1004.36,94.87,449.59
12.99,42.34,1018.04,96.25,465.98
23.27,64.69,1006.84,70.53,438.08
14.66,42.77,1019.37,79.79,463.6
5.78,40.62,1016.55,84.98,484.13
17.35,47.83,1006.71,80.57,453.96
13.05,34.03,1018.31,64.99,472.69
26.75,58.33,1013.55,45.47,444.09
7.09,43.65,1019.6,72.1,483.42
18.94,47.83,1005.18,78.59,455.19
17.7,43.69,1016.98,61.98,462.63
19.65,62.1,1019.46,77.82,449.13
7.65,40.67,1020.14,72.37,491.1
20.28,48.78,1017.4,82.51,451.59
14.57,41.79,1007.61,82.85,457.21
24.19,47.45,1008.26,64.25,446.3
25.79,75.6,1017.46,75.63,434.65
23.94,62.08,1022.47,61.97,447.5
14.23,46.18,1017.39,87.29,463.86
4.71,42.07,1005.35,82.26,486.79
10.33,40.6,1015,88.62,478.3
6.64,39.04,1018.84,74.94,481.53
13.41,45,1021.65,45.24,478.96
25.87,44.57,1007.43,55.92,445.79
32.18,69.75,1009.94,52.91,438.26
13.61,39.85,1012.78,58.12,475.62
32.28,75.33,1002.14,62.49,433.42
19.71,43.43,1009.58,65.71,456.24
13.48,41.44,1015.64,71.46,471.39
22.36,59.44,1013.1,84.74,446.75
24.27,63.87,1018.88,53.96,420.26
15.1,41.35,1003.84,97.89,466.14
19.51,48.78,1021.03,86.33,453.27
29,69.68,1012.78,66.09,442.79
24.67,69.14,1006.25,88.51,440.03
23.36,72.24,1010.99,94.41,434.15
16.24,41.93,1021.66,44.91,467.69
13.53,40.71,1023.83,61.59,474.7
12.9,44.63,1020.72,89.51,467.41
21.06,50.59,1016.42,66.12,454.15
9.11,40.02,1031.1,83.02,479.03
26.3,67.07,1006.26,63.79,433.72
22.7,66.44,1011.19,68.36,444.02
22.06,47.43,1009.85,76.85,453.5
12.61,41.58,1020.17,85.18,463.36
29.3,67.69,1007.17,55.5,430.72
4,39.9,1009.64,97.16,490.79
12.48,40.67,1011.24,61.1,475.96
20.35,67.45,1015.14,69.22,447.64
26.59,66.49,1013.32,49.76,439.72
15.47,48.98,1016.42,89.85,457.55
18.73,46.48,1007.19,79.23,450.74
20.54,61.27,1019.6,61.87,451.95
30.05,66.44,1008.46,76.82,427.55
14.78,38.58,1017.02,82.4,460.54
19.3,65.59,1014.07,81.98,452.76
22.94,58.05,1012.27,80.12,433.77
31.73,73.42,1010.8,61.81,430.46
24.89,64.27,1013.52,64.65,444.21
26.37,70.79,1005.31,77.3,428.5
15.17,54.3,1017.38,72.11,464.39
13.51,40.1,1014.29,86.34,470.65
25.91,58.98,1010.02,75.31,442.65
33.34,69.88,1007.65,42.72,437.84
24.37,70.02,1010.97,71.97,443.53
33.33,73.03,1014.2,42.28,436.05
10.49,42.49,1009.81,78.92,478.75
24.14,59.87,1018.47,57.76,444.04
30.71,71.85,1008.07,72.05,425.16
16.77,49.39,1018.61,95.86,459.38
17.74,49.78,1004.9,100.09,450.44
15.79,49.21,1015.08,75.8,457.7
31.86,73.88,1005.6,57.68,435.91
9.23,39.66,1019.44,76.11,481.77
14.73,54.3,1016.75,67.13,463.63
13.4,41.78,1010.2,64.57,466.68
18.37,51.86,1018.8,74.3,461.14
20.95,44.89,1010.48,67.97,450.39
7,35.77,1018.21,64.84,482.8
11.02,44.58,1016.4,83.57,481.85
7.28,40.67,1020.16,72.7,493.3
11.49,39.22,1016.35,53.11,471.47
31.11,69.05,1002.37,41.56,433.19
14.48,40.89,1011.39,82.18,470.44
11.19,40.64,1020.57,84.49,472.86
29.65,71.25,1001.07,73.97,430.88
16.37,39.64,1009.19,76.92,463.91
21.52,50.66,1013.56,74.33,455.71
20.48,39.72,1001.61,57.32,455.58
22.49,61.47,1009.14,90.23,437.01
9.6,42.03,1017.66,92.27,474.65
26.78,66.54,1010.14,49.01,440
16.92,50.9,1013.27,82.97,460.86
18.47,62.1,1019.86,82.57,452.51
28.76,51.43,1011.88,49.79,449.98
16.45,63.31,1015.96,83.97,452.42
24.25,50.78,1008.82,60.55,443.8
13.42,40.78,1025.03,77.51,459.04
22.5,70.94,1008.04,82.39,442.4
20.77,69.51,1012.96,62.89,442.82
17.55,48.78,1016.81,91.27,455.11
25.64,68.14,1005.48,56.11,437.63
7.8,43.65,1018.92,60.77,479.78
26.2,63.56,1013.39,67.07,442.4
7.19,41.39,1018.12,90.76,486.35
18.27,58.2,1018.34,72.73,448.17
25.37,44.89,1009.27,63.06,442.38
6.5,38.68,1017.8,62.9,483.72
23.92,73.17,1011.81,92.33,433.78
28.4,69.34,1009.76,70.4,436.5
27.46,67.69,1004.7,70.15,432.64
13.43,50.59,1020.38,86.3,469.33
9.32,36.3,1027.9,77.02,478.55
26.23,59.14,1016.98,75.54,437.85
23.56,73.18,1012.18,87.98,437.92
23.24,51.95,1006.21,78.08,448.5
25.37,66.75,1017.94,79.26,434.16
26.14,69.14,1007.1,88.27,439.03
27.92,63.07,1010.75,45.26,442.87
22.87,74.22,1009.36,93.05,438.67
13.79,45.08,1023.3,83.59,465.69
6.9,40.62,1018.48,78.84,479.97
29.06,71.64,1005.54,69.84,435.98
13,48.79,1017.14,85.23,464.12
21.39,51.3,1013.39,89.05,452.7
6.15,40.07,1020.2,66.64,494.3
13.52,39.3,1018.99,69.22,469.41
23.45,51.95,1005.23,76.17,449.07
30.78,69.14,1007.27,62.77,433.96
29.23,75.6,1017.72,52.26,438.92
12.68,45.01,1013.86,83.26,448.69
15.97,52.72,1024.72,65.97,462.64
29.62,73.18,1012.21,61.6,427.22
15.2,40.55,1005,88.4,465.09
10.33,41.44,1015.24,86.72,478.79
18.71,54.9,1017.12,74.79,456.88
7.75,38.06,1020.83,83.39,483.56
32.95,75.08,1005.32,47.7,436.3
24.77,69.71,1009.86,85.56,441.29
26.29,56.85,1012.68,60.33,439.86
22.11,59.8,1016.74,73.9,453.45
31.17,70.98,1007.19,67.34,431.01
9.15,39.61,1018.69,84.47,475.64
17.74,58.33,1013.55,81.8,446.01
16.26,44.89,1010.48,86.57,456.86
17.57,44.06,1015.43,72.75,459.73
22.08,45.61,1014.02,75.71,456.71
13.94,47.83,1004.83,81.2,465.13
16.21,50.9,1012.46,84.45,462.68
11.44,34.03,1018.57,74.06,476.06
23.09,63.91,1012.23,83.25,447.9
19,58.95,1018.05,83.38,451.96
24.06,71.25,1002.39,92.18,438.85
16.78,37.2,1011.97,68.94,471.24
19.94,50.78,1008.78,92.07,449.6
19.45,38.52,1017.99,62.86,451.96
15.7,44.21,1021.26,86.83,462.19
27.62,63.9,1013.11,43.56,442.89
19.19,63.31,1016.88,66.58,453.16
11.51,41.06,1021.3,78.11,476.91
18.34,62.1,1020.52,78.6,453.01
13.54,40.69,1015.85,77.55,471.05
33.95,68.14,1002.33,48.98,427.25
9.47,40.81,1026.44,91.87,479.96
11.57,44.63,1020.7,91.11,469.64
20.6,44.58,1017.67,48.36,466.2
9.91,39.64,1010.57,75.82,478.63
8.11,42.18,1014.82,93.09,473.62
24.37,63.47,1012.77,75.22,445.6
23.02,67.25,1017.17,72,443.44
25.4,70.4,1006.8,94.78,439.04
19.61,56.53,1019.69,77.13,454.22
9.78,41.93,1023.18,75.05,484.03
29.17,74.34,1004.51,82.02,433.03
24.81,63.73,1009.34,83.61,440.43
24.37,65.61,1014.5,65.67,443.13
30.21,75.33,1002.24,66.71,431.46
9.18,42.18,1017.4,87.3,475.57
25.56,75.6,1017.37,69.31,442.2
16.37,39.99,1007.05,80.61,464.69
17.75,55.5,1020.15,81.26,459.43
10.35,44.2,1018.46,88.6,478.36
16.59,43.56,1012.88,59.61,465.03
24.2,50.78,1008.74,59.32,443.09
5.71,41.31,1003.24,89.48,485.83
23.38,48.6,1004.45,69.19,440.9
26.82,75.08,1005.93,60.81,441.14
24.09,63.94,1017.59,51.02,442.92
14.38,44.78,1010.8,66.58,459.66
12.02,40.66,1017.27,96.72,464.5
29.09,47.93,1003.05,48.13,438.97
16.7,46.18,1011.4,95.51,458.05
21.51,65.48,1017.11,72.99,448.65
12.38,45.51,1016.15,81.37,470.46
25.47,56.89,1013.02,63.21,440.38
15.01,42.77,1018.21,73.22,462.6
16.9,54.3,1017.97,60.57,460.57
12.71,43.02,1012.25,62.68,475.38
8.57,40.23,1017.53,90.46,484.17
25.89,48.41,1008.59,65.38,442.12
11.83,43.14,1010.06,88.14,471.98
17.85,53.16,1013.05,82.72,456.49
29.54,69.48,1008.91,56.07,427.82
22.54,63.07,1011.71,81.64,442.28
11.16,40.96,1023.49,83.7,478.3
9.94,41.44,1015.21,87.02,481.24
21.87,74.87,1009.28,85.4,442.37
32.67,77.95,1014.62,50.73,432.32
19.78,62.1,1019.72,78.36,450.43
28.37,75.6,1017.48,55.19,439.25
27.54,66.93,1017.06,55.2,450.22
11.91,43.22,1008.75,76.57,472.88
18.63,48.92,1011.37,71.72,450.29
23.88,51.95,1005.37,75.25,449.52
13.26,41.78,1009.77,61.69,467.78
13.95,38.73,1003.87,83.94,468.21
9.33,39.96,1024.55,98.58,473.78
17.3,47.45,1010.29,87.13,448.79
19.76,51.19,1008.38,92.56,448.71
9.96,42.03,1017.78,82.39,477.85
6.49,38.68,1017.94,64.81,485.95
10.06,39.61,1018.22,70.22,471.86
5.6,38.91,1019.31,85.33,491.1
24.93,69.05,1001.02,85.14,429.53
20.46,51.43,1010.06,83.79,456.7
16.98,63.09,1020.44,95.18,450.55
16.69,46.18,1011,97.85,458.57
5.62,41.38,1020.91,86.21,490.83
21.6,62.52,1017.23,67.87,453.28
15.4,40.69,1015.1,70.25,471.66
25.14,64.63,1020.63,54,446.63
32.83,74.33,1011.44,50.42,427.36
27.51,49.3,1003.74,61.27,437.09
12.14,40.27,1007.57,73.22,472.84
27,73.17,1009.82,64.43,434.94
13.12,48.04,1011.93,100.07,463.46
9.51,40.46,1018.84,70.12,471.32
26.97,71.58,1010.13,75.16,433.88
9.75,42.49,1010.57,83.63,480.35
5.84,43.02,1013.88,87.42,489.05
19.57,68.61,1011.13,96.4,448.73
33.95,80.18,1010.3,56.69,432.22
30.62,66.75,1017.68,53.68,432.66
24.75,52.84,1005.47,69.61,442.6
22.61,60.27,1018.81,83.27,440.98
24.48,69.13,1002.88,69.43,432.71
7.55,41.04,1027.03,83.32,476.58
15.18,43.67,1011.59,92.58,467.74
26.63,74.22,1007.44,78.5,434.25
9.26,40.11,1024.38,74.82,460.72
26.44,71.64,1004.55,85.53,435.61
23.76,58.41,1013.85,85.38,445.85
31.46,77.17,1009.26,59.61,435.56
14.43,38.28,1014.76,79.76,467.12
29.56,51.43,1005.87,59.22,437.93
16.88,39.99,1007.08,74.29,462.83
24.99,48.92,1010.03,41.26,443.12
31.28,75.08,1005.39,49.53,438.63
25.78,47.93,1003.67,67.23,442.46
14.77,41.39,1018.95,65.61,470.21
11.98,44.58,1016.45,78.8,477.56
11.16,40.05,1014.95,88.38,479.11
13.92,44.47,1029.36,70.86,467.29
9.59,34.69,1027.65,75.32,478.88
23.78,49.3,1003.3,76.56,439.83
22.72,65.61,1014.64,70.53,449.04
21.94,64.15,1021.2,61.75,453.3
7.39,39.85,1011.63,83.61,487.84
17.81,45,1022.32,43.84,471
14.59,41.23,999.48,86.66,466.83
28.61,69.84,1004.24,67.74,429.91
19.79,60.1,1010.47,84.04,452.41
18.5,41.85,1015.81,64.78,466.8
22.64,72.24,1011.07,98.55,434.36
23.42,58.79,1009.74,81.54,441.46
22.26,60.77,1018.26,85.94,442.58
29.04,60.07,1014.88,47.23,438.5
13.62,40.2,1014.2,85.05,465.74
20.12,65.94,1009.93,76.24,447.46
12.19,44.63,1018.96,80.91,468.91
9.52,41.26,1020.55,89.73,475.44
21.4,47.93,1005.16,88.44,445.2
11.92,43.8,1022.96,60.49,470.33
31.04,68.31,1010.54,42.74,441.56
19.83,51.19,1008.13,91.29,449
13.86,37.85,1011.4,89.7,469.94
11.82,41.17,1019.5,55.74,475.61
20.48,51.43,1007.4,90.7,448.03
27.53,67.83,1009.4,53.73,429.05
25.92,73.77,1001.27,94.28,432
24.35,66.49,1012.48,62.12,439.15
18.41,44.89,1009.75,77.24,448.88
20.91,59.14,1017.25,74.7,442.67
15.4,38.73,1000.67,79.71,469.18
19.35,50.12,1005.43,100.1,447.43
29.2,70.79,1004.8,63.74,425.2
23.54,70.32,1010.89,80.76,434.45
25.34,59.39,1014.02,73.58,439.8
10.39,44.85,1014.22,78.42,478.05
10.87,44.71,1021.38,58.22,484.63
16.82,45,1022.05,37.28,468.22
10.2,41.46,1019.12,83.26,480.11
17.36,44.63,1020.49,54.21,456.98
30.98,71.29,1008.78,47.7,432.99
27.38,77.24,1008.25,82.49,435.81
30.32,74.22,1008.31,53.14,429.36
18.55,61.87,1008.45,65.3,450.73
20.8,50.9,1012.07,73.16,457
3.26,41.31,996.32,100,489.38
12.24,41.2,1012.48,89.85,473.22
30.68,69.68,1012.86,56.56,438.68
28.19,68.08,1013.41,43.93,436.43
5.62,40.62,1015.81,85.34,483.13
26.48,51.43,1006.76,74.3,438.1
14.3,42.99,1007.32,73.72,467.9
26.22,69.89,1015.46,76.63,433.61
19.02,44.85,1014.57,43.37,465.42
12.34,43.22,1009.28,78.23,468.52
18.34,50.59,1018.42,83.95,457.17
3.21,38.44,1016.9,86.34,491.35
29.89,71.29,1009,55.72,431.45
25.92,60.95,1014.62,48.46,442.84
23.76,51.19,1009.69,70.87,442.9
8.91,40.11,1022.87,78.39,475.43
10.61,40.77,1022.09,83.62,471.26
27.21,66.49,1013.57,40.11,439.04
28.61,69.84,1004.02,67.26,428.25
24.94,67.69,1008.86,68.97,439.08
18.22,39.63,1005.11,79,465.78
18.88,43.69,1016.77,46.88,464.63
22.43,63.21,1012.06,84.75,447.98
30.69,71.98,1004.53,65.86,430.33
15.33,43.13,1015.41,53.17,466.86
9.96,39.66,1015.23,82.98,480.6
16.39,41.96,1011.7,94.85,463.99
15,41.35,1006.6,86.95,467.71
27.67,69.59,1009.13,82.15,437.29
31.05,69.13,1000.38,58.49,426.31
21.19,74.93,1015.75,80.84,443.29
17.52,44.05,1008.87,85.67,455.72
27.04,73.67,1006.82,77.45,431.1
22.76,44.05,1006.95,74.07,450.31
17.85,46.48,1007.79,83.59,458.16
7.41,39.16,1015.23,90.66,486.91
12.03,41.58,1015.09,90.43,464.02
19.86,41.67,1012.31,53.9,462.86
29.38,73.42,1011.49,54.96,445.42
23.57,67.9,1006.08,70.12,446.72
19.27,50.12,1007.61,100.11,447.63
18.13,60.1,1009.67,84.75,455.82
9.55,39.66,1018.8,74.88,480.74
10.2,41.62,1016.52,98.09,462.87
29.25,66.51,1015.53,33.65,441.7
25.44,56.57,1013.8,66.72,444.61
18.68,59.14,1016.96,77.09,452.85
13.82,41.62,1011.48,77.66,454.88
12.3,39.85,1012.59,73.38,476.42
29.03,69.51,1009.8,47.04,435.09
11.67,40.23,1017.65,82.48,475.07
21.03,67.45,1015.01,68.59,447.11
21.28,70.32,1011.55,88.05,438.7
18.34,45.64,1019.05,82.53,460.58
24.06,58.2,1017.46,48.04,445.91
27.82,76.09,1007.83,76.07,434.52
24.65,52.36,1014.76,66.63,455.68
3.95,35.47,1017.36,84.88,488.64
30.37,67.45,1015.35,45.6,431.38
11.42,41.54,1020.21,71.57,477.5
15.24,44.45,1020.56,66.13,460.94
9.75,35.76,1019.88,62.31,474.31
6.57,42.07,1004.48,74.82,483.86
19.76,48.92,1010.48,46.57,456.69
17.1,43.52,1020.3,70.51,461.51
16.45,44.68,1018.6,85.14,462.66
33.01,69.88,1006.71,53.25,433.5
11.95,40.69,1015.62,85.34,475.4
33.11,69.75,1008.88,42.08,437.19
21.53,52.84,1005.06,88.22,444.04
27.51,71.32,1007.59,80.02,433.16
26.26,73.06,1009.35,91.65,435.41
23.78,69.71,1008.79,83.17,443.06
18.02,53.16,1013.41,82.84,458.01
28.02,63.9,1013.96,46.2,444.42
12.52,40.24,1020.45,97.41,470.56
14.91,40.73,1017.44,86.91,458.99
17.35,42.86,1014.62,74.16,465.16
10.77,41.46,1021.42,87.18,479.22
26.77,64.45,1013.26,44.56,449.1
16.42,40.56,1020.36,50.62,472.17
20.37,44.58,1016.77,66.22,463.2
23.19,45.61,1013.18,73.46,454.62
20.88,56.85,1010.91,84.28,440.08
12.59,40.03,1018.76,85.4,471.63
11.22,41.93,1023.13,69.35,480.71
30.69,74.16,1012.71,60.89,435.17
23.99,45.87,1007.63,52.62,443.66
10.68,37.92,1009.59,65.05,474.03
22.69,58.46,1017.74,75.21,443.47
27.14,70.32,1007.08,73.08,427.21
26.27,59.44,1012.23,58.77,443.67
14.73,39.52,1017.01,74.21,470.45
32.31,66.44,1009.6,63.92,428.44
10.42,44.85,1014.18,88.36,479.03
21.97,58.79,1010.93,86.7,448.8
29.86,64.79,1017.37,44.8,439.89
20.35,50.9,1012.6,72.43,453.5
27.54,75.6,1018.26,57.89,440.87
9.43,41.4,1028.42,84.92,479.28
24.3,69.94,1007.02,62.14,438.92
21.04,69.48,1011.07,89.92,439.53
21.47,60.77,1018.06,85.73,444.02
25.65,78.92,1010.83,86.56,434.78
17.33,42.28,1007.97,50.33,462.26
15.25,46.36,1019.69,95.83,461.68
31.88,70.36,1006.2,57.51,438.42
10.2,40.67,1016.15,73.2,482.26
7.4,41.04,1024.44,90.9,477.69
13.64,34.03,1018.32,62.2,469.61
23.07,65.27,1013.24,58.38,443.42
8.94,41.38,1021.5,79.45,479.95
23.82,44.89,1009.39,74.69,445.45
19.67,60.77,1017.33,88.13,444.87
7.65,41.01,1024.31,97.17,475.89
13.74,43.71,1025.45,86.62,465.24
30.28,74.67,1016.45,55.76,428.27
7.54,38.56,1016.49,69.1,486.76
23.57,66.75,1018.06,80.19,439.71
13.01,41.49,1019.82,92.86,466.5
6.9,39.81,1016.74,88.24,481.88
23.19,49.82,1014.59,70.52,451.08
27.51,73.67,1005.71,76.75,431.97
27.25,50.05,1006.53,60.64,439.63
17.4,43.14,1018.51,75.31,457.59
30.05,73.68,1014.95,70.6,434.92
24.74,59.21,1012.18,74.2,440.36
8.23,40.77,1011.92,90.59,479.24
14.07,40.78,1024.67,72.66,456.71
22.83,41.1,1002,38.62,449.99
10.29,40,1021.46,90.6,479.58
6.69,36.24,1013.35,91.09,483.82
25.61,60.32,1015.77,56.48,443.96
22.35,65.61,1016.27,73.93,448.41
27.51,63.73,1009.97,66.14,440.81
21.39,62.96,1019.49,72.24,452.68
26.86,72.58,1009.22,88.39,428.69
29.8,64.69,1006.6,54.43,437.85
21.81,65.06,1014.6,66.41,447.13
15.94,41.76,1023.32,67.17,462.44
26.45,75.6,1017.42,74.5,436.89
7.93,42.28,1008.43,85.57,484.75
7.94,43.65,1018.75,59.45,479.8
6.85,37.49,1011.01,84.53,483.12
26.16,59.87,1013.24,71.92,446.73
27.92,74.99,1005.47,75.13,431.76
26.67,59.44,1012.01,58.83,441.29
24.81,59.87,1018.56,61.18,444.89
10.26,39.13,1010.94,87.78,474.16
22.12,60.77,1018.01,83.87,443.97
23.84,49.21,1013.1,44.72,445.44
9.1,39.42,1025.28,68.78,471.85
29.45,68.84,1011.64,59.7,438.41
18.99,44.58,1018.29,54.71,468.35
18.18,67.71,1004.5,87.26,449.24
15.27,41.16,1009,84.12,467.01
19.43,52.9,1017.16,67.41,458.46
26.96,72.58,1009.23,89.62,429.03
7.95,41.26,1008.48,97.92,480.6
21.98,55.97,1009.12,89.51,442.65
10.61,41.58,1021.08,93.06,465.15
22.54,63.91,1012.15,84.91,446.64
29.46,71.94,1006.96,62.26,428.54
14.01,45.08,1023.28,82.49,464.79
14.41,43.13,1016.32,59.55,467.46
26.66,73.56,1006.9,99.27,433.62
24.96,77.54,1008.25,80.6,433.4
24.78,58.46,1016.82,67.5,442.42
12.11,41.17,1019.46,62.59,475.53
8.75,36.3,1015.61,57.53,480.4
8.73,39.42,1025.63,69.87,474.44
13.8,44.34,1019.43,66.74,468.8
24.02,77.54,1008.33,83.92,438.52
30.1,47.93,1002.64,42.06,435.27
25.73,62.66,1010.15,54.66,444.85
18.93,48.6,1005.72,84.92,449.74
18.62,44.06,1017.76,64.59,452.82
19.36,68.61,1010.85,94.87,454.5
14.62,42.86,1015.56,84.5,470.79
15.91,44.99,1010.93,62.81,459.73
9.51,43.79,1016.02,79.81,481.12
27.24,66.75,1017.78,69.6,433.65
9.15,41.82,1032.88,75.11,477.78
11.54,40.77,1022.13,83.5,465.61
9.73,40.22,1011.48,87.88,481.42
12.34,40.62,1016.28,53.6,466.47
29.05,71.85,1008.6,78.69,428.39
22,59.54,1004.55,95.25,439.37
30.93,70.83,1010.61,46.13,440.59
34.18,67.9,1005.87,30.34,425.5
5.5,39.04,1021.46,78.91,478.65
27.28,47.93,1003.46,59.22,438
29.05,65.74,1013.29,60.02,440.74
27.2,49.16,1005.33,46.73,440.57
30,61.5,1009.4,48.63,435.6
6.63,39.37,1020.33,76.18,489.16
8.35,42.85,1010.46,90.13,483.63
11.68,40.55,1022.21,85.76,475.13
9.48,44.71,1019.12,66.43,478.42
10.74,40.05,1015.45,87.33,477.93
14.55,40.73,1018.36,89.12,458.82
25.59,61.08,1013.19,77.28,443.91
10.98,37.5,1011.12,97.51,472.34
23.23,64.69,1008.12,76.6,444.01
4.83,38.44,1015.35,72.94,485.32
9.56,44.71,1021.13,64.6,487.92
26.24,49.82,1014.9,55.58,452.41
29.35,68.31,1010.46,46.2,445.86
11.17,44.77,1018.2,79.6,470.85
14.35,46.18,1016.63,87.76,461.74
10.32,42.28,1008.82,75.66,481.09
13.17,38.52,1018.5,83.77,468.82
16.88,56.89,1014.01,82.1,457
14.84,43.69,1016.31,68.67,472.07
25.76,65.48,1017.82,54.77,441.14
27.02,61.86,1012.38,70.28,442.67
22.08,41.54,1014.21,73.73,458.74
4.78,42.85,1013.07,94.72,479.09
9.84,36.66,1026.7,70.02,477.62
14.57,44.84,1023.46,87.2,464.58
28.55,66.51,1015.46,34.04,432.59
28.24,65.27,1013.43,48.74,439.36
26.3,77.95,1009.45,78.72,437.95
8.47,41.03,1021.72,70.16,485.1
26.94,59.87,1011.66,58.34,448.6
28.11,70.98,1007.76,85.6,431.83
16.36,53.82,1015.05,71.95,461.62
18.83,47.83,1005.58,77.07,454.23
14.12,39.52,1016.79,75.89,472.32
26.49,71.73,1010.07,74.48,431.06
12.16,45,1021.51,50.52,482.99
15.26,46.18,1013.68,98.58,463.6
14.74,42.77,1017.71,76.59,463.61
13.12,39.18,1023.11,64.33,471.44
31.63,69.59,1008.66,61.81,436.89
28.83,64.96,1000.05,63.57,429.13
7.99,36.08,1020.08,83.2,481.35
12.62,40.92,1021.85,81.41,465.68
22.71,59.43,1005.68,83.52,441.24
3.31,39.42,1024.05,84.31,487.19
25.61,74.22,1010.26,75.15,438.45
16.09,50.59,1015.69,84.41,463.64
28.07,64.09,1005.41,64.09,436.61
25.28,70.32,1006.91,81.74,431.43
24.91,57.17,1010.88,72.97,446.01
26.68,63.73,1009.7,71.55,439.69
8.7,39.72,1020,78.75,479.03
24.86,72.39,1001.15,90.24,440.85
20.57,60.1,1011.16,83.45,451.88
23.96,58.33,1013.37,59.97,446.01
26.56,49.02,1007.65,70.78,438.82
18.27,51.43,1010.38,88.39,460.41
9.44,44.03,1009.59,86.27,473.61
25.89,66.49,1013.08,63.16,434.67
11.46,38.91,1012.34,77.37,477.5
27.38,69.4,1004.57,74.12,434.47
8.13,71.14,1018.94,86.7,471.99
16.15,44.21,1020.76,85.41,462.02
25.02,50.78,1008.79,63.06,444.7
10.72,41.17,1019.68,60.71,479.21
14.02,40.66,1017.05,84.14,465.39
23.92,61.87,1009.63,54.16,441.15
28.73,73.91,1004.91,70.17,436.12
29.48,59.27,1010.99,51.23,440.72
19.16,63.09,1017.71,91.15,449.51
22.19,58.49,1010.91,77.03,449.4
5.66,35.79,1013.86,94.42,484.15
15.84,49.69,1015.14,90.41,462.6
20.98,47.43,1007.39,68.15,450
22.8,69.23,1011.8,76.95,439.3
16.39,41.67,1012.96,61.07,467.68
21.13,51.43,1007.43,88.72,445.4
20.16,60.1,1011.24,86.23,453.36
25.16,74.33,1014.55,76.7,436.15
25.42,73.17,1012.29,85.86,437.06
7.31,43.02,1014.19,86.43,484.82
29.83,71.43,1011.93,55.8,439.34
22.66,61.27,1019.29,55.43,448.68
20.07,51.3,1011.9,94.62,450.46
10.03,41.79,1020.35,66.42,475.42
12.14,44.85,1014.36,60.04,476.68
22.19,48.78,1017.84,76.01,446.51
27.98,58.33,1013.92,54.25,437.76
27.84,71.32,1007.72,79.25,431.37
21.97,68.12,1012.53,75.12,443.39
24.99,60.37,1005.66,74.87,437.67
18.98,38.52,1018.85,63.16,454.6
26.95,72.24,1011.16,73.14,435.65
15.12,41.04,1025.95,69.67,460.58
23.39,74.22,1009.83,86.05,439.92
22.84,59.39,1014.61,80.36,443.71
10.94,39.04,1021.62,86.41,479.8
13.12,44.21,1019.57,89.29,469.09
28.18,66.56,1005.69,65.67,426.79
21.82,63.9,1014.48,92.53,447.29
29.25,67.32,1013.88,38.57,437.94
20.3,62.52,1017.96,75.17,451.86
15.4,41.16,1005.34,80.22,465.16
19.35,39.39,1013.91,61.53,465.28
14.79,44.06,1018.53,74.79,465.77
14.1,39.16,1008.19,74.05,464.07
14.7,48.6,1006.91,85.65,460.63
27.02,71.25,1000.48,87.86,438.33
27.56,65.59,1010.88,66.47,439.64
31.02,69.51,1011.16,47.64,431.15
8.52,41.55,1002.09,86.81,483.63
14.07,45.09,1013.32,94.45,462.69
5.17,35.57,1026.68,79.86,491.32
17.14,40.55,1000.05,71.41,461.21
6.09,43.65,1020.95,71.15,485.96
17.5,42.23,1013.37,86.87,462.57
7.68,42.85,1012.51,91.51,479.16
26.91,65.34,1014.19,50.7,443.6
16.12,45.87,1008.15,86.12,457.41
9.71,42.44,1014.29,94.03,481.03
9.82,39.96,1024.72,97.69,471.96
14.81,40.71,1018.54,73,467.66
14.28,39.39,1013.82,77.52,469.92
31.74,79.74,1007.07,61.47,431.72
17.98,59.15,1012.09,83.03,451.97
10.17,41.46,1019.34,83.04,480.13
28.24,64.69,1007.35,61.14,438.03
17.94,62.1,1019.81,82.65,453.55
14.09,43.99,1021.02,94.39,468.09
5.45,39.04,1020.07,77.05,487.33
11.56,39.28,1011.27,82.05,477.71
25.53,62.96,1019.81,59.7,444.38
10.3,41.79,1021.09,49.39,471.58
24.77,48.92,1010.25,47.04,448.25
27.68,69.34,1008.28,70.9,436.37
20.3,59.8,1015.24,78.75,453.29
14.81,43.69,1017.19,71.9,470.71
12.57,39.16,1016.53,88.91,476.2
25.31,74.33,1015.04,79.88,436.21
18.32,42.28,1007.86,45.62,460.27
23.99,67.69,1007.9,78.57,437.1
16.73,58.59,1015.02,89.61,455.3
22.16,58.82,1009.61,87.16,444.76
8.76,41.48,1018.49,74.98,474.3
23.08,74.78,1009.85,83.67,437.86
25.23,64.63,1020.59,52.2,447.28
30.74,69.59,1008.69,68.04,437.81
22.89,74.78,1009.79,81.57,443.7
31.11,74.87,1009.11,54.86,434.3
15.3,38.62,1017.19,70.63,462.65
23.4,65.06,1014.32,67.38,442.7
23,63.78,1015.85,70.46,444.62
11.75,41.2,1012.7,89.86,475.35
11.52,40.75,1016.23,85.18,477.19
6.99,39.37,1020.19,75.06,487.18
13.83,41.23,993.31,93.94,466.2
33.37,73.88,1005.8,47.94,436.76
2.58,39.42,1028.68,69.03,488.69
26.08,76.86,1003.3,79.49,436.85
32.51,69.98,1011.92,49.45,428.37
27.4,66.48,1004.71,51.5,439.66
23.25,59.87,1018.69,66.4,444.23
13.74,42.74,1029.54,70,465.92
29.28,75.08,1005.21,59,436.15
9.96,41.26,1022.9,83.83,475.21
13.77,47.83,1007.41,90.66,466.07
22.78,59.92,1011.28,88.78,440.87
25.92,60.32,1016.05,52.51,448.37
27.58,73.06,1009.63,88.31,438.1
10.59,41.54,1019.94,72.52,478.74
25.42,74.22,1009.04,88.55,433.97
9.14,37.36,1015.22,78.06,491.97
20.35,67.71,1005.85,63.97,446.42
23.04,64.27,1014.29,80.23,439.67
4.69,39.42,1024.58,79.35,486.34
8.6,40.77,1011.8,89.45,480.82
7.52,41.66,1015.2,78.41,483.28
18.59,41.1,1001.93,58.16,459.72
27.67,59.14,1016.51,61.2,433.37
31.91,69.89,1014.59,54.51,429.29
15.77,39.82,1013.01,79.1,468.78
11.4,52.75,1023.31,75.7,465.79
25.01,66.56,1009.68,64.94,435.73
19.09,39.39,1013.36,59.14,466.13
8.27,39.64,1011,84.64,479.91
6.82,41.03,1022.12,87.63,489.64
24.31,66.49,1011.38,54.35,440.79
8.83,41.26,1023.04,86.08,478.87
14.5,44.47,1028.2,66.95,465.15
24.43,58.2,1017.18,46.84,444.89
21.91,63.76,1009.85,76.8,445.04
29.18,68.24,1010.04,68.04,428.52
14.1,41.16,1021.26,73.87,460.01
12.49,41.62,1011.37,82.68,461.35
22.27,48.98,1014.47,49.33,451.74
15.46,44.88,1017.52,93.32,461.2
26.44,69.34,1009.55,73.18,440.43
29.01,66.56,1006.44,57.62,428.32
28.86,67.9,1006.29,57.19,432.97
15.03,42.44,1014.25,94.52,464.91
24.39,51.86,1014.92,59.98,447.7
26.85,57.19,1007.9,60.04,438.01
32.81,75.08,1005.09,42,433.37
29.92,57.19,1008.62,45.8,438.99
26.7,66.56,1005.31,71.97,430.21
15.43,41.1,1005.2,85.06,467.21
9.29,34.03,1018.84,74.81,483.74
23.58,49.3,1003.8,74.62,440.44
18.22,58.2,1017.09,81.92,451.04
9.34,41.49,1020.58,97.59,471.04
29.32,71.29,1008.34,51.51,432.17
8.76,40.96,1025.21,90.72,483.79
21,66.86,1013.06,59.7,451.89
35.56,68.94,1006.56,38.75,429.69
26.63,43.77,1011.33,49.3,440.95
20.61,63.86,1015.43,73.86,446.34
23.26,59.14,1016.98,76.29,440.37
20.42,62.96,1020.34,84,452.08
19.72,65.94,1010.53,82.12,446.84
20.06,56.53,1020.38,75.16,455.99
12.22,40.71,1021.25,80.83,477.07
20.27,57.76,1016.66,75.76,450.71
30.47,72.86,1004.02,66.35,432.51
22.64,58.66,1011.68,60.97,449.79
32.16,76.2,1008.04,51.74,433.29
31.85,73.21,1000.98,72.2,435.94
4.23,38.44,1016.46,76.64,489
15.65,54.3,1018,69.66,461.69
24.81,59.43,1009.42,54.64,439.33
10.93,39.16,1016.54,90.56,479.83
26.92,68.27,1008.11,61.73,435.17
19.47,58.79,1016.8,87.26,450.17
10.12,41.78,1013.43,73.47,477.67
20.55,46.21,1013.21,73.18,448.66
28.83,71.32,1006.28,75.65,437.99
18.19,41.85,1014.93,61.37,466.86
15.69,37.64,1016,83.88,462.18
34.51,73.03,1013.73,39.42,439.8
27.77,51.43,1006.58,69.01,438.7
29.81,73.67,1005.6,60.91,430.67
19.72,66.51,1015.07,74.7,458.07
17.29,44.63,1019.6,41.98,460.66
10.59,42.49,1009.59,77.36,477.49
20.61,48.78,1020.8,85.05,449.38
34.65,74.67,1016.03,26.67,427.69
9.45,36.71,1024.24,83.28,476.02
15.78,43.99,1022.19,83.7,461.07
13.24,39.85,1012.64,59.99,477.22
19.79,64.45,1016.14,73.54,451.37
26.2,60.07,1014.75,59.41,440.89
9.12,41.54,1018.61,79.26,482.95
25.91,67.07,1005.66,60.12,441.74
31.4,70.32,1011.62,65.01,433.42
21.11,59.39,1013.87,85.29,446.02
8.44,41.17,1019.9,70.72,486.15
24.05,61.87,1009.64,54.54,442.16
10.31,37.5,1008.55,99.31,474.16
27.08,63.78,1015.04,50.8,447.24
24.45,65.12,1015.92,57.19,445.01
17.08,58.86,1016.04,87.46,449.98
28.52,70.02,1010.34,54.21,441.98
27.2,72.43,1006.75,80.67,430.32
30.33,70.32,1007.75,52.49,430.1
13.87,45.08,1024.42,81.69,465.48
6.74,36.08,1020.36,86.98,484.18
32.95,67.9,1005.88,45.15,425.89
22.12,69.71,1009.7,90.22,434.42
21.89,45.38,1014.42,68.95,459.45
27.88,70.79,1005.06,72.5,429.62
29.3,69.48,1010.1,53.69,429.42
21.61,64.63,1020.86,69.73,451.02
13.92,43.5,1021.14,88.44,461.45
13.96,39.54,1011.05,85.72,468.82
18.92,62.26,1012.05,85.99,451.51
25.43,72.39,1002.65,88.13,436.1
27.42,65.74,1013.43,69.42,440.52
17.36,52.9,1015.42,69.97,458.66
25.89,63.56,1013.82,64.51,443.82
21.37,65.94,1010.73,75.09,444.74
27.58,65.27,1013.51,50.43,441.3
28.83,66.44,1008.47,77.49,430.01
27.94,69.84,1003.11,70.47,428.67
10.03,43.72,1011.46,96.89,473.26
23.86,45.87,1007.71,48.73,446.67
24.19,50.23,1015.73,59.77,458.31
24.73,69.05,1003.25,66.44,437.93
13.86,35.71,1015.21,63.16,471.63
24.32,58.79,1016.8,65.61,442.78
14.03,41.79,1008.07,83.32,457.98
9.34,40.77,1012.14,90.81,477.36
26.12,49.02,1008.63,72.04,438.52
24.57,72.24,1011.44,79.19,434.93
13.61,40.71,1022.36,72.87,475.23
25.21,65.34,1013.94,65.04,446.68
12.63,41.48,1009.61,87.69,461.09
35.2,73.56,1006.56,45.72,434.37
8.13,39.99,1011.71,87.89,486.19
23.6,62.44,1011.52,78.12,440.66
19.19,50.16,1011.12,99.91,449.52
23.1,70.79,1006.53,90.81,434.58
7.14,39.4,1011.68,91.84,482.82
6.81,37.49,1010.74,88.25,482.21
10.63,44.2,1018.63,90.26,477.19
8.93,40.46,1019.03,71,472.77
12,39.96,1011.73,77.77,471.42
14.44,40.8,1025.05,56.59,472.95
5.76,40.07,1013.22,62.99,494.67
6.5,38.5,1013.92,90.1,486.78
18.31,50.9,1011.87,86.83,455.5
14.62,44.84,1023.41,85.17,464.51
26.82,65.27,1013.6,53.85,437.84
22.25,51.86,1013.08,83.64,451.04
18.15,41.67,1012.75,52.69,464.44
5.81,45.87,1009.63,94.38,479.66
10.15,39.22,1020.09,68.75,474.87
12.05,48.04,1009.14,100.13,464.14
16.02,39.54,1007.73,72.81,466.15
16.37,44,1024.61,78.26,460.14
31.51,71.97,1007.84,71.18,430.11
30.66,66.25,1007.67,63.03,439.55
26.74,49.02,1008.18,67.59,438.06
28.23,62.26,1010.88,60.86,435.76
26.04,71.14,1011.66,68.95,433.78
25.95,63.47,1011.77,66.22,445.5
14.68,41.23,998.43,83.71,469.25
30.09,64.96,1001.29,56.04,430.3
14.79,41.04,1025.32,75.81,456.97
32.33,67.83,1008.11,57.48,427.84
13.32,44.9,1007.72,78.64,466.3
23.67,71.77,1004.76,86.13,434.47
29.25,69.98,1010.74,57.42,430.45
23.63,73.5,1011.46,89.39,438.21
11.75,42.32,1015.28,77.25,470.44
13.73,41.78,1011.75,49.65,464.94
23.96,65.34,1015.52,56.82,449.23
22.88,69.45,1014.02,65.13,441.76
21.36,52.3,1007.95,79.38,448.13
31.43,69.89,1014.8,56.22,426.15
13.05,44.34,1018.47,81.2,473.4
31.95,70.79,1003.8,55.25,426.37
20.54,69.05,1001.6,79.62,442.86
25.21,50.23,1016,56.58,454.64
20.29,63.09,1019.03,76.07,448.22
24.37,73.42,1010.19,76.01,440.29
8.23,43.79,1016.11,82.11,484.67
27.84,68.08,1013.34,46.19,436.37
15.55,45.09,1014.33,62.19,457.36
22.18,59.39,1014.82,85.31,440.94
10.99,43.5,1021.1,93.64,469.34
6.93,40.67,1020.17,71.16,494.61
18.73,40.12,1013.19,74.12,454.71
25.33,71.73,1009.78,77.78,435.23
8.66,44.68,1022.99,95.45,479.62
30.53,65.18,1012.69,41.85,437.89
16.88,38.58,1014.72,73.99,462.7
7.93,41.01,1023.64,97.23,476.37
18.41,42.44,1012.66,65.93,463.2
29.03,43.21,1011.83,65.23,434.11
7.87,41.17,1020.33,77.77,486.2
20.92,57.76,1017.22,75.86,453.96
22.08,69.94,1008.41,72.86,441.57
16.77,38.01,1023.04,65.5,460.16
10.02,39.96,1024.88,96.85,473.22
25.5,59.27,1012.92,68.88,442.65
28.75,64.69,1007.1,60.37,437.94
26.34,68.67,1006.54,72.48,437.52
8.12,43.02,1013.56,85.26,483.55
18.28,44.2,1018.83,52.88,458.59
10.77,41.54,1019.94,71.13,477.81
16.77,45.01,1013.47,81.42,458.22
19.28,65.46,1013.77,64.24,448.91
20.21,65.06,1016.46,73.36,451.46
11.18,37.5,1013.32,74.32,472.02
21.86,49.21,1014.61,53.31,452.77
32.48,69.89,1013.98,46.39,434.13
15.11,42.99,1007.53,85.75,466.25
12.41,40.96,1023.36,78.96,473.59
25.71,71.64,1008.85,77.31,438.16
5.66,40,1022.08,93.03,475.54
28.15,72.24,1010.88,62.39,431.75
9.66,41.06,1021.21,84.7,482.2
29.65,72.86,1004.26,69.63,434.67
24.87,58.33,1013.76,54.55,440.79
5.97,40.35,1012.3,94.1,489.03
19.3,46.93,1014.83,66.71,456.62
22.43,55.97,1008.97,85.98,443.74
16.05,43.14,1010.67,79.36,463.06
7.98,39.61,1018.57,77.04,479.78
20.28,62.52,1017.89,75.67,452.45
24.4,67.45,1015.63,57.1,435.47
10.16,41.62,1013.15,94.3,465.05
23.61,63.94,1012.9,87.06,441.57
23.34,59.44,1012.67,80.76,445.24
25.42,66.05,1016.74,68.92,442.6
23.71,60.23,1009.76,90.67,439.66
6.49,39.33,1010.85,91.85,489.22
30.55,70.04,1010.51,49.37,429.56
25.14,60.93,1007.44,76.71,437.4
18.26,61.27,1019.1,74.74,428.67
31.68,70.79,1004.05,54.5,429.55
14.8,43.99,1022.89,85.25,461.97
31.12,67.69,1005.3,50.46,425.21
17.51,53.16,1013.13,82.86,457.45
23.31,60.08,1017.14,64.35,452.65
16.2,45.76,1014.73,89.84,460.87
9.83,41.17,1019.34,72.29,478.21
7.87,41.06,1020.91,87.64,486.57
20.03,60.77,1017.23,87.82,449.31
23.34,63.73,1012.1,79.11,443.68
23.14,60.27,1018.51,80.54,442.59
9.93,39.04,1023.78,77.08,480.54
24.66,63.73,1011.4,74.52,444.37
11.94,44.6,1018.69,85.33,468.53
21.54,58.12,1015.33,78.67,454.32
27.3,65.12,1016.24,44.87,442.78
16.73,39.64,1008.94,74.91,464.46
14.18,40.69,1014.73,74.88,471.52
20.18,43.56,1013.14,39.16,462.8
18.51,50.9,1012.95,82.71,459.11
33.42,68.51,1011.91,45.83,427.66
